Transaction Name,Transaction Name URL,Organization Location,Organization Name,Organization Name URL,Funding Type,Money Raised,Money Raised Currency,Money Raised (in USD),Announced Date,Equity Only Funding,Organization Revenue Range,Organization Website,Diversity Spotlight,Number of Partner Investors,Number of Investors
Seed Round - Leap Financial,https://www.crunchbase.com/funding_round/leap-financial-seed--2048734b,"Miami, Florida, United States, North America",Leap Financial,https://www.crunchbase.com/organization/leap-financial,Seed,3500000,USD,3500000,2024-12-17,Yes,,https://www.leapfinancial.com,,1,2
Seed Round - HIFI,https://www.crunchbase.com/funding_round/hifi-bridge-seed--5cdde8e4,"New York, New York, United States, North America",HIFI,https://www.crunchbase.com/organization/hifi-bridge,Seed,6000000,USD,6000000,2024-12-10,Yes,$1M to $10M,http://Hifibridge.com,,,10
Seed Round - RAI Partners,https://www.crunchbase.com/funding_round/rai-partners-seed--95c62dce,"Los Angeles, California, United States, North America",RAI Partners,https://www.crunchbase.com/organization/rai-partners,Seed,5549990,USD,5549990,2024-12-06,Yes,,https://www.raipartners.com,,,
Seed Round - Concentro,https://www.crunchbase.com/funding_round/concentro-seed--919e8d4d,"New York, New York, United States, North America",Concentro,https://www.crunchbase.com/organization/concentro,Seed,3000000,USD,3000000,2024-12-05,Yes,,https://concentro.io/,,1,9
Seed Round - OpenYield,https://www.crunchbase.com/funding_round/openyield-seed--0a87e66d,"New York, New York, United States, North America",OpenYield,https://www.crunchbase.com/organization/openyield,Seed,7000000,USD,7000000,2024-11-21,Yes,,http://openyld.com,,2,3
Seed Round - StoreCash,https://www.crunchbase.com/funding_round/storecash-seed--7d661b6c,"San Jose, California, United States, North America",StoreCash,https://www.crunchbase.com/organization/storecash,Seed,3700000,USD,3700000,2024-11-19,Yes,Less than $1M,https://www.storecashapp.com/,"Black Founded, Black Led, South Asian Founded, South Asian Led, Women Founded",3,7
Seed Round - Zeplyn,https://www.crunchbase.com/funding_round/zeplyn-seed--5970fef5,"New York, New York, United States, North America",Zeplyn,https://www.crunchbase.com/organization/zeplyn,Seed,3000000,USD,3000000,2024-11-13,Yes,$1M to $10M,https://zeplyn.ai,,2,2
Seed Round - Wahed,https://www.crunchbase.com/funding_round/wahed-invest-inc-seed--6a59b0d8,"New York, New York, United States, North America",Wahed,https://www.crunchbase.com/organization/wahed-invest-inc,Seed,500000,USD,500000,2024-11-13,Yes,$1M to $10M,https://www.wahed.com,,,1
Seed Round - Provenance Blockchain Labs (ProvLabs),https://www.crunchbase.com/funding_round/provlabs-seed--dd90f82d,"San Francisco, California, United States, North America",Provenance Blockchain Labs (ProvLabs),https://www.crunchbase.com/organization/provlabs,Seed,17650200,USD,17650200,2024-11-08,Yes,$1M to $10M,https://provlabs.io/,,1,11
Seed Round - needyou by Socialneed Inc.,https://www.crunchbase.com/funding_round/socialneed-seed--5ca3a5d9,"Miami, Florida, United States, North America",needyou by Socialneed Inc.,https://www.crunchbase.com/organization/socialneed,Seed,50000,USD,50000,2024-11-01,Yes,Less than $1M,https://www.needyou.app,,,3
Seed Round - Verified,https://www.crunchbase.com/funding_round/verifiedinc-seed--0b249646,"San Francisco, California, United States, North America",Verified,https://www.crunchbase.com/organization/verifiedinc,Seed,2000000,USD,2000000,2024-11-01,Yes,$1M to $10M,https://www.verified.inc,,,
Seed Round - Capital Pulse,https://www.crunchbase.com/funding_round/capital-pulse-seed--9407049c,"Santa Monica, California, United States, North America",Capital Pulse,https://www.crunchbase.com/organization/capital-pulse,Seed,500000,USD,500000,2024-11-01,Yes,Less than $1M,https://www.capitalpulse.com,,,
Seed Round - Monark Markets,https://www.crunchbase.com/funding_round/monark-markets-seed--68039bd7,"New York, New York, United States, North America",Monark Markets,https://www.crunchbase.com/organization/monark-markets,Seed,2200000,USD,2200000,2024-10-22,Yes,$1M to $10M,https://monark-markets.com,,1,6
Seed Round - RubyWell,https://www.crunchbase.com/funding_round/rubywell-seed--bac579eb,"New York, New York, United States, North America",RubyWell,https://www.crunchbase.com/organization/rubywell,Seed,1110000,USD,1110000,2024-10-17,Yes,,https://www.rubywell.com/,"Women Founded, Women Led",2,3
Seed Round - Kick,https://www.crunchbase.com/funding_round/kick-2aea-seed--1a9f1544,"Palo Alto, California, United States, North America",Kick,https://www.crunchbase.com/organization/kick-2aea,Seed,9000000,USD,9000000,2024-10-17,Yes,$1M to $10M,https://kick.co,,1,16
Seed Round - Ned,https://www.crunchbase.com/funding_round/ned-75ea-seed--675924bf,"New York, New York, United States, North America",Ned,https://www.crunchbase.com/organization/ned-75ea,Seed,4245486,USD,4245486,2024-10-16,Yes,$1M to $10M,https://www.nedhelps.com/,,1,2
Seed Round - Suma Wealth,https://www.crunchbase.com/funding_round/suma-wealth-seed--b5f376d4,"Los Angeles, California, United States, North America",Suma Wealth,https://www.crunchbase.com/organization/suma-wealth,Seed,1833700,USD,1833700,2024-10-05,Yes,$1M to $10M,https://sumawealth.com/,"Women Founded, Women Led",1,6
Seed Round - LUXUS,https://www.crunchbase.com/funding_round/luxus-ed55-seed--959ef344,"New York, New York, United States, North America",LUXUS,https://www.crunchbase.com/organization/luxus-ed55,Seed,5000000,USD,5000000,2024-10-02,Yes,,http://www.luxusco.com/,"Women Founded, Women Led",,2
Seed Round - Fintesa,https://www.crunchbase.com/funding_round/fintesa-seed--4d004077,"San Francisco, California, United States, North America",Fintesa,https://www.crunchbase.com/organization/fintesa,Seed,50000,USD,50000,2024-10-02,Yes,,https://fintesa.co,,1,1
Seed Round - Baselayer,https://www.crunchbase.com/funding_round/baselayer-f1bf-seed--fa2a0c06,"New York, New York, United States, North America",Baselayer,https://www.crunchbase.com/organization/baselayer-f1bf,Seed,20000000,USD,20000000,2024-10-01,Yes,,https://baselayerhq.com/,,1,10
Seed Round - AGTools,https://www.crunchbase.com/funding_round/agtools-seed--fca72baa,"Irvine, California, United States, North America",AGTools,https://www.crunchbase.com/organization/agtools,Seed,500000,USD,500000,2024-09-30,Yes,$1M to $10M,https://www.agtechtools.com/,"Hispanic / Latine Founded, Women Founded, Women Led",,
Seed Round - Assembly HOA,https://www.crunchbase.com/funding_round/assembly-ad9b-seed--18d9d8e3,"Glendale, California, United States, North America",Assembly HOA,https://www.crunchbase.com/organization/assembly-ad9b,Seed,1750000,USD,1750000,2024-09-26,Yes,,https://www.assemblyhoa.com,"East Asian Founded, South Asian Founded",,9
Seed Round - Icon,https://www.crunchbase.com/funding_round/icon-savings-plan-seed--ef0df8a6,"San Francisco, California, United States, North America",Icon,https://www.crunchbase.com/organization/icon-savings-plan,Seed,9200000,USD,9200000,2024-09-24,Yes,$1M to $10M,https://www.iconsavingsplan.com,,,
Seed Round - Upfront,https://www.crunchbase.com/funding_round/upfront-3863-seed--b59867d0,"New York, New York, United States, North America",Upfront,https://www.crunchbase.com/organization/upfront-3863,Seed,1500000,USD,1500000,2024-09-18,Yes,,https://www.myupfront.com,,,2
Seed Round - Sitewire,https://www.crunchbase.com/funding_round/above-computing-seed--2364355b,"Walnut Creek, California, United States, North America",Sitewire,https://www.crunchbase.com/organization/above-computing,Seed,3170000,USD,3170000,2024-09-17,Yes,,http://www.sitewire.co,,,4
Seed Round - Brico,https://www.crunchbase.com/funding_round/brico-5851-seed--c7e83008,"San Francisco, California, United States, North America",Brico,https://www.crunchbase.com/organization/brico-5851,Seed,8000000,USD,8000000,2024-09-11,Yes,,https://www.brico.ai/,,1,4
Seed Round - Finli,https://www.crunchbase.com/funding_round/finli-seed--01f5e3db,"Los Angeles, California, United States, North America",Finli,https://www.crunchbase.com/organization/finli,Seed,150000,USD,150000,2024-09-06,Yes,$1M to $10M,https://finli.com,,1,11
Seed Round - LiquiDonate,https://www.crunchbase.com/funding_round/liquidonate-b4ec-seed--5be3ed26,"San Francisco, California, United States, North America",LiquiDonate,https://www.crunchbase.com/organization/liquidonate-b4ec,Seed,3750000,USD,3750000,2024-09-03,Yes,$1M to $10M,http://www.liquidonate.com,"Hispanic / Latine Led, South Asian Founded, South Asian Led, Women Founded, Women Led",1,5
Seed Round - Arch,https://www.crunchbase.com/funding_round/arch-ef99-seed--ee301696,"New York, New York, United States, North America",Arch,https://www.crunchbase.com/organization/arch-ef99,Seed,5000000,USD,5000000,2024-08-22,Yes,,https://www.archlending.com/,,2,5
Seed Round - Crescent,https://www.crunchbase.com/funding_round/crescent-2bc0-seed--b4416dda,"San Francisco, California, United States, North America",Crescent,https://www.crunchbase.com/organization/crescent-2bc0,Seed,5500000,USD,5500000,2024-08-20,Yes,$1M to $10M,http://getcrescent.com,,,
Seed Round - Triangle Digital,https://www.crunchbase.com/funding_round/blockchain-triangle-seed--5d2083eb,"New York, New York, United States, North America",Triangle Digital,https://www.crunchbase.com/organization/blockchain-triangle,Seed,2150000,USD,2150000,2024-08-01,Yes,,https://www.triangle.digital,,,1
Seed Round - Mintify,https://www.crunchbase.com/funding_round/mintify-seed--1b2e2150,"New York, New York, United States, North America",Mintify,https://www.crunchbase.com/organization/mintify,Seed,3400000,USD,3400000,2024-07-30,Yes,,https://mintify.com,,1,23
Seed Round - Rillet,https://www.crunchbase.com/funding_round/rillet-seed--2d703376,"Palo Alto, California, United States, North America",Rillet,https://www.crunchbase.com/organization/rillet,Seed,13500000,USD,13500000,2024-07-29,Yes,,https://www.rillet.com,,5,15
Seed Round - Powder,https://www.crunchbase.com/funding_round/powder-2539-seed--b70ea1ec,"Los Altos, California, United States, North America",Powder,https://www.crunchbase.com/organization/powder-2539,Seed,5000000,USD,5000000,2024-07-23,Yes,$1M to $10M,http://www.powderfi.com,,2,11
Seed Round - Medbill AI,https://www.crunchbase.com/funding_round/medbill-ai-seed--56d627e5,"New York, New York, United States, North America",Medbill AI,https://www.crunchbase.com/organization/medbill-ai,Seed,16254985,USD,16254985,2024-07-23,Yes,,https://www.medbill.ai,,,
Seed Round - Caliza,https://www.crunchbase.com/funding_round/caliza-seed--ca7f53d6,"Miami, Florida, United States, North America",Caliza,https://www.crunchbase.com/organization/caliza,Seed,8500000,USD,8500000,2024-07-15,Yes,Less than $1M,https://www.caliza.com,,,11
Seed Round - RTX Holdings,https://www.crunchbase.com/funding_round/rtx-holdings-seed--c0e0cb1e,"New York, New York, United States, North America",RTX Holdings,https://www.crunchbase.com/organization/rtx-holdings,Seed,3636000,USD,3636000,2024-07-11,Yes,,https://www.rtxfintech.com,,,
Seed Round - Kredete,https://www.crunchbase.com/funding_round/kredete-seed--f1dea8a2,"New York, New York, United States, North America",Kredete,https://www.crunchbase.com/organization/kredete,Seed,2250000,USD,2250000,2024-07-01,Yes,$1M to $10M,https://www.kredete.io,Black Led,,9
Seed Round - AnchorZero,https://www.crunchbase.com/funding_round/anchorzero-seed--6a9f2f15,"Hoboken, New Jersey, United States, North America",AnchorZero,https://www.crunchbase.com/organization/anchorzero,Seed,8000000,USD,8000000,2024-06-25,Yes,,https://www.anchorzero.com,,1,7
Seed Round - Cadana,https://www.crunchbase.com/funding_round/cadana-seed--e24be628,"New York, New York, United States, North America",Cadana,https://www.crunchbase.com/organization/cadana,Seed,7100000,USD,7100000,2024-06-20,Yes,$1M to $10M,https://www.cadanapay.com/,,1,4
Seed Round - AfterHour,https://www.crunchbase.com/funding_round/afterhour-seed--e59c3c7e,"San Francisco, California, United States, North America",AfterHour,https://www.crunchbase.com/organization/afterhour,Seed,4500000,USD,4500000,2024-06-17,Yes,$1M to $10M,https://afterhour.com,,,13
Seed Round - Ava Protocol,https://www.crunchbase.com/funding_round/oak-network-seed--679b0c39,"San Francisco, California, United States, North America",Ava Protocol,https://www.crunchbase.com/organization/oak-network,Seed,4500000,USD,4500000,2024-06-11,Yes,,https://avaprotocol.org,"East Asian Founded, Middle Eastern / North African Founded, Native Hawaiian / Pacific Islander Founded, Women Founded",2,6
Seed Round - Seeds,https://www.crunchbase.com/funding_round/seeds-9181-seed--7e1019df,"New York, New York, United States, North America",Seeds,https://www.crunchbase.com/organization/seeds-9181,Seed,1344999,USD,1344999,2024-06-06,Yes,$1M to $10M,https://www.useseeds.com,,,
Seed Round - Balance,https://www.crunchbase.com/funding_round/balance-fa57-seed--ff66802a,"San Francisco, California, United States, North America",Balance,https://www.crunchbase.com/organization/balance-fa57,Seed,2500000,USD,2500000,2024-06-03,Yes,,https://www.balancecash.io/blog,,,
Seed Round - Givefront,https://www.crunchbase.com/funding_round/givefront-seed--073e82e9,"San Francisco, California, United States, North America",Givefront,https://www.crunchbase.com/organization/givefront,Seed,2000000,USD,2000000,2024-06-01,Yes,,https://givefront.com,,,3
Seed Round - Frich,https://www.crunchbase.com/funding_round/frich-c962-seed--7f8ab962,"New York, New York, United States, North America",Frich,https://www.crunchbase.com/organization/frich-c962,Seed,2800000,USD,2800000,2024-05-30,Yes,$1M to $10M,http://getfrich.com/,Women Founded,2,4
Seed Round - 11th.com,https://www.crunchbase.com/funding_round/11thestate-com-seed--58a25c5e,"West Palm Beach, Florida, United States, North America",11th.com,https://www.crunchbase.com/organization/11thestate-com,Seed,2000000,USD,2000000,2024-05-29,Yes,$1M to $10M,https://11th.com,,2,5
Seed Round - Clasp,https://www.crunchbase.com/funding_round/clasp-c6fa-seed--4deb2a69,"New York, New York, United States, North America",Clasp,https://www.crunchbase.com/organization/clasp-c6fa,Seed,5000000,USD,5000000,2024-05-28,Yes,,https://clasp.ai/,,,2
Seed Round - Liquid Diamonds,https://www.crunchbase.com/funding_round/liquid-diamonds-seed--22743691,"New York, New York, United States, North America",Liquid Diamonds,https://www.crunchbase.com/organization/liquid-diamonds,Seed,90000000,INR,1080604,2024-05-23,Yes,$1M to $10M,https://liquid.diamonds/,South Asian Founded,,8
Seed Round - MyMarkit,https://www.crunchbase.com/funding_round/mymarkit-seed--b79c4c3c,"Playa Vista, California, United States, North America",MyMarkit,https://www.crunchbase.com/organization/mymarkit,Seed,2000000,USD,2000000,2024-05-15,Yes,$1M to $10M,https://www.mymarkit.com,"East Asian Founded, Women Founded, Women Led",2,6
Seed Round - Plenty,https://www.crunchbase.com/funding_round/plenty-546a-seed--31280334,"San Francisco, California, United States, North America",Plenty,https://www.crunchbase.com/organization/plenty-546a,Seed,5000000,USD,5000000,2024-05-09,Yes,,http://www.withplenty.com,Women Founded,1,3
Seed Round - Bondex,https://www.crunchbase.com/funding_round/bondex-4ace-seed--abe4ea2f,"Miami, Florida, United States, North America",Bondex,https://www.crunchbase.com/organization/bondex-4ace,Seed,10000000,USD,10000000,2024-05-07,Yes,,https://www.bondex.app,,1,5
Seed Round - Numeric,https://www.crunchbase.com/funding_round/numeric-39a8-seed--3da5a5f9,"San Francisco, California, United States, North America",Numeric,https://www.crunchbase.com/organization/numeric-39a8,Seed,10000000,USD,10000000,2024-05-07,Yes,$10M to $50M,https://www.numeric.io/,,1,6
Seed Round - Double,https://www.crunchbase.com/funding_round/double-b7ea-seed--0faee766,"San Francisco, California, United States, North America",Double,https://www.crunchbase.com/organization/double-b7ea,Seed,3300000,USD,3300000,2024-05-01,Yes,,https://www.double.finance,,1,11
Seed Round - LendOS,https://www.crunchbase.com/funding_round/right-pedal-lendos-seed--6998c16a,"Miami, Florida, United States, North America",LendOS,https://www.crunchbase.com/organization/right-pedal-lendos,Seed,1700000,USD,1700000,2024-05-01,Yes,,https://www.lendos.io,,,
Seed Round - vipHomeLink,https://www.crunchbase.com/funding_round/viphomelink-seed--0036533d,"Morristown, New Jersey, United States, North America",vipHomeLink,https://www.crunchbase.com/organization/viphomelink,Seed,500000,USD,500000,2024-04-24,Yes,Less than $1M,https://www.vipHomeLink.com,,2,1
Seed Round - Bump,https://www.crunchbase.com/funding_round/ownors-ai-seed--a9558018,"Los Angeles, California, United States, North America",Bump,https://www.crunchbase.com/organization/ownors-ai,Seed,3000000,USD,3000000,2024-04-23,Yes,,http://usebump.com,Black Founded,3,13
Seed Round - Gray Digital,https://www.crunchbase.com/funding_round/gray-digital-seed--ab82a026,"New York, New York, United States, North America",Gray Digital,https://www.crunchbase.com/organization/gray-digital,Seed,2850000,USD,2850000,2024-04-15,Yes,,https://graydigital.com/,,,
Seed Round - DwellFi,https://www.crunchbase.com/funding_round/dwellfi-seed--f03c35e9,"Palo Alto, California, United States, North America",DwellFi,https://www.crunchbase.com/organization/dwellfi,Seed,3000000,USD,3000000,2024-04-15,Yes,,https://dwell.fi,,,5
Seed Round - Tabs,https://www.crunchbase.com/funding_round/tabs-03d6-seed--63fc97b1,"New York, New York, United States, North America",Tabs,https://www.crunchbase.com/organization/tabs-03d6,Seed,7000000,USD,7000000,2024-04-11,Yes,,https://tabs.inc/,,2,6
Seed Round - Pump,https://www.crunchbase.com/funding_round/pump-b398-seed--223c3704,"San Francisco, California, United States, North America",Pump,https://www.crunchbase.com/organization/pump-b398,Seed,4000000,USD,4000000,2024-04-05,Yes,,https://www.pump.co,South Asian Founded,2,3
Seed Round - Camp Network,https://www.crunchbase.com/funding_round/camp-network-901e-seed--8d58d01e,"New York, New York, United States, North America",Camp Network,https://www.crunchbase.com/organization/camp-network-901e,Seed,4000000,USD,4000000,2024-04-03,Yes,,https://www.campnetwork.xyz,,1,15
Seed Round - Ossa,https://www.crunchbase.com/funding_round/ossa-e29d-seed--53812eae,"Tenafly, New Jersey, United States, North America",Ossa,https://www.crunchbase.com/organization/ossa-e29d,Seed,600000,USD,600000,2024-04-01,Yes,$1M to $10M,https://weareossa.com,,,
Seed Round - Ternwheel,https://www.crunchbase.com/funding_round/ternwheel-seed--8fe4f49a,"San Francisco, California, United States, North America",Ternwheel,https://www.crunchbase.com/organization/ternwheel,Seed,80000,USD,80000,2024-04-01,Yes,,https://www.ternwheel.com/,Black Led,,
Seed Round - Quantinium,https://www.crunchbase.com/funding_round/quantinium-seed--3c1f645c,"Boca Raton, Florida, United States, North America",Quantinium,https://www.crunchbase.com/organization/quantinium,Seed,4000000,USD,4000000,2024-03-27,Yes,$100M to $500M,https://quantinium.cc/,,,1
Seed Round - Musaffa,https://www.crunchbase.com/funding_round/musaffa-seed--585d6994,"Lyndhurst, New Jersey, United States, North America",Musaffa,https://www.crunchbase.com/organization/musaffa,Seed,1180016,USD,1180016,2024-03-26,Yes,,https://musaffa.com,,,
Seed Round - Amber Technologies,https://www.crunchbase.com/funding_round/amber-ev-seed--97b2cf74,"San Francisco, California, United States, North America",Amber Technologies,https://www.crunchbase.com/organization/amber-ev,Seed,3180000,USD,3180000,2024-03-20,Yes,,http://www.getamber.com,,2,6
Seed Round - Kemet Trading,https://www.crunchbase.com/funding_round/kemet-trading-seed--379864d3,"New York, New York, United States, North America",Kemet Trading,https://www.crunchbase.com/organization/kemet-trading,Seed,5000000,USD,5000000,2024-03-19,Yes,,https://kemettrading.com,,1,8
Seed Round - Cache,https://www.crunchbase.com/funding_round/cache-cb91-seed--e6dca1ea,"San Francisco, California, United States, North America",Cache,https://www.crunchbase.com/organization/cache-cb91,Seed,8500000,USD,8500000,2024-03-13,Yes,,https://usecache.com,,,8
Seed Round - Kulipa,https://www.crunchbase.com/funding_round/kulipa-524d-seed--27517c3e,"New York, New York, United States, North America",Kulipa,https://www.crunchbase.com/organization/kulipa-524d,Seed,3040000,USD,3040000,2024-03-12,Yes,,https://www.kulipa.xyz/,,,2
Seed Round - Benjamin,https://www.crunchbase.com/funding_round/benjamin-1caa-seed--89208d4a,"New York, New York, United States, North America",Benjamin,https://www.crunchbase.com/organization/benjamin-1caa,Seed,5500000,USD,5500000,2024-03-11,Yes,,https://www.benjaminone.com,,2,5
Seed Round - Wonder Family,https://www.crunchbase.com/funding_round/wonder-family-seed--745a948b,"San Francisco, California, United States, North America",Wonder Family,https://www.crunchbase.com/organization/wonder-family,Seed,655000,USD,655000,2024-03-01,Yes,,https://www.wonderfamily.com,,,
Seed Round - Quantex,https://www.crunchbase.com/funding_round/cryptiswap-seed--ffe481d9,"San Francisco, California, United States, North America",Quantex,https://www.crunchbase.com/organization/cryptiswap,Seed,150000,USD,150000,2024-02-29,Yes,Less than $1M,https://www.myquantex.com,,,
Seed Round - Campfire,https://www.crunchbase.com/funding_round/campfire-cd2d-seed--1b09ccc1,"San Francisco, California, United States, North America",Campfire,https://www.crunchbase.com/organization/campfire-cd2d,Seed,3500000,USD,3500000,2024-02-27,Yes,,https://meetcampfire.com,,2,3
Seed Round - Myko AI,https://www.crunchbase.com/funding_round/genius-sheets-seed--02b8f2b8,"Scarsdale, New York, United States, North America",Myko AI,https://www.crunchbase.com/organization/genius-sheets,Seed,2700000,USD,2700000,2024-02-26,Yes,,https://www.myko.ai/,,5,5
Seed Round - Nest Wallet,https://www.crunchbase.com/funding_round/nest-wallet-seed--32904817,"San Francisco, California, United States, North America",Nest Wallet,https://www.crunchbase.com/organization/nest-wallet,Seed,3600000,USD,3600000,2024-02-20,Yes,,https://www.nestwallet.xyz,,,14
Seed Round - Rogo,https://www.crunchbase.com/funding_round/rogo-seed--3eaa304b,"New York, New York, United States, North America",Rogo,https://www.crunchbase.com/organization/rogo,Seed,7000000,USD,7000000,2024-02-16,Yes,$1M to $10M,https://rogo.ai,,1,5
Seed Round - switstack,https://www.crunchbase.com/funding_round/switstack-seed--f0df763e,"San Francisco, California, United States, North America",switstack,https://www.crunchbase.com/organization/switstack,Seed,2099999,USD,2099999,2024-02-14,Yes,,https://www.switstack.io,,,
Seed Round - SocialCoach,https://www.crunchbase.com/funding_round/socialcoach-seed--97387a9c,"Mission Viejo, California, United States, North America",SocialCoach,https://www.crunchbase.com/organization/socialcoach,Seed,1000000,USD,1000000,2024-02-13,Yes,,http://www.socialcoach.io,,,
Seed Round - Fordefi,https://www.crunchbase.com/funding_round/fordefi-seed--96654c9a,"New York, New York, United States, North America",Fordefi,https://www.crunchbase.com/organization/fordefi,Seed,10000000,USD,10000000,2024-02-13,Yes,$10M to $50M,https://fordefi.com,Middle Eastern / North African Led,2,3
Seed Round - Stirlingshire,https://www.crunchbase.com/funding_round/stirlingshire-investments-seed--a7e09a06,"New York, New York, United States, North America",Stirlingshire,https://www.crunchbase.com/organization/stirlingshire-investments,Seed,2700000,USD,2700000,2024-02-08,Yes,$1M to $10M,https://www.stirlingshire.com/,,,
Seed Round - Union Credit,https://www.crunchbase.com/funding_round/union-credit-1444-seed--2b521d69,"Santa Rosa, California, United States, North America",Union Credit,https://www.crunchbase.com/organization/union-credit-1444,Seed,3000000,USD,3000000,2024-02-07,Yes,,https://unioncredit.app/,,,2
Seed Round - Upstock,https://www.crunchbase.com/funding_round/upstock-seed--5ec577b5,"San Francisco, California, United States, North America",Upstock,https://www.crunchbase.com/organization/upstock,Seed,3400000,USD,3400000,2024-02-07,Yes,$1M to $10M,https://upstock.io,,,
Seed Round - Suma Wealth,https://www.crunchbase.com/funding_round/suma-wealth-seed--92eac12e,"Los Angeles, California, United States, North America",Suma Wealth,https://www.crunchbase.com/organization/suma-wealth,Seed,2200000,USD,2200000,2024-02-06,Yes,$1M to $10M,https://sumawealth.com/,"Women Founded, Women Led",3,7
Seed Round - Coris,https://www.crunchbase.com/funding_round/coris-38b0-seed--88264bb5,"Palo Alto, California, United States, North America",Coris,https://www.crunchbase.com/organization/coris-38b0,Seed,3700000,USD,3700000,2024-02-01,Yes,,https://www.coris.ai,,2,6
Seed Round - Ternwheel,https://www.crunchbase.com/funding_round/ternwheel-seed--be06b5b8,"San Francisco, California, United States, North America",Ternwheel,https://www.crunchbase.com/organization/ternwheel,Seed,225000,USD,225000,2024-01-31,Yes,,https://www.ternwheel.com/,Black Led,,
Seed Round - Portal to Bitcoin,https://www.crunchbase.com/funding_round/tides-seed--be472eaf,"San Francisco, California, United States, North America",Portal to Bitcoin,https://www.crunchbase.com/organization/tides,Seed,34000000,USD,34000000,2024-01-30,Yes,$100M to $500M,https://portaltobitcoin.com/,,2,6
Seed Round - Credits.com,https://www.crunchbase.com/funding_round/credits-806d-seed--cadd8d81,"New York, New York, United States, North America",Credits.com,https://www.crunchbase.com/organization/credits-806d,Seed,600000,USD,600000,2024-01-29,Yes,$1M to $10M,https://credits.com,,,1
Seed Round - Attune,https://www.crunchbase.com/funding_round/lendsmart-fc15-seed--4ed686b7,"New York, New York, United States, North America",Attune,https://www.crunchbase.com/organization/lendsmart-fc15,Seed,2225000,USD,2225000,2024-01-25,Yes,$1M to $10M,https://getattune.com,,2,4
Seed Round - Alinea,https://www.crunchbase.com/funding_round/alinea-34ff-seed--f326034a,"New York, New York, United States, North America",Alinea,https://www.crunchbase.com/organization/alinea-34ff,Seed,3400000,USD,3400000,2024-01-25,Yes,$10M to $50M,https://alinea-invest.com,"Women Founded, Women Led",1,7
Seed Round - Aperture Finance,https://www.crunchbase.com/funding_round/aperture-finance-seed--dd85eee3,"Sunnyvale, California, United States, North America",Aperture Finance,https://www.crunchbase.com/organization/aperture-finance,Seed,3500000,USD,3500000,2024-01-25,Yes,$1M to $10M,https://aperture.finance/,,,1
Seed Round - Baus Capital,https://www.crunchbase.com/funding_round/baus-capital-seed--bda625f3,"Miami, Florida, United States, North America",Baus Capital,https://www.crunchbase.com/organization/baus-capital,Seed,250000,USD,250000,2024-01-17,Yes,,https://www.bauscapital.com/,,,
Seed Round - Pier,https://www.crunchbase.com/funding_round/pier-8119-seed--af3c6a3f,"San Francisco, California, United States, North America",Pier,https://www.crunchbase.com/organization/pier-8119,Seed,2400000,USD,2400000,2024-01-11,Yes,$1M to $10M,https://www.pier-finance.com/,Women Founded,,9
Seed Round - Money.Net,https://www.crunchbase.com/funding_round/money-net-seed--3a58ea79,"Jersey City, New Jersey, United States, North America",Money.Net,https://www.crunchbase.com/organization/money-net,Seed,1200000,USD,1200000,2024-01-03,Yes,$1M to $10M,http://www.money.net,,,
Seed Round - HIFI,https://www.crunchbase.com/funding_round/hifi-bridge-seed--465f328a,"New York, New York, United States, North America",HIFI,https://www.crunchbase.com/organization/hifi-bridge,Seed,1000,USD,1000,2024-01-03,Yes,$1M to $10M,http://Hifibridge.com,,,1
Seed Round - NettyWorth,https://www.crunchbase.com/funding_round/nettyart-seed--f4b84f49,"San Francisco, California, United States, North America",NettyWorth,https://www.crunchbase.com/organization/nettyart,Seed,200000,USD,200000,2024-01-01,Yes,,https://nettyworth.io/,Hispanic / Latine Led,,3
Seed Round - TheCapitalNet,https://www.crunchbase.com/funding_round/thecapitalnet-inc-seed--b513d7a4,"Menlo Park, California, United States, North America",TheCapitalNet,https://www.crunchbase.com/organization/thecapitalnet-inc,Seed,850000,USD,850000,2024-01-01,Yes,Less than $1M,http://www.thecapitalnet.com,,,2
Seed Round - Realfinity,https://www.crunchbase.com/funding_round/realfinity-io-seed--43a44bc3,"Miami, Florida, United States, North America",Realfinity,https://www.crunchbase.com/organization/realfinity-io,Seed,3895000,USD,3895000,2024-01-01,Yes,$1M to $10M,https://rfm.io/,,,
Seed Round - Turbine Finance,https://www.crunchbase.com/funding_round/turbine-finance-seed--dc5cab6e,"Santa Monica, California, United States, North America",Turbine Finance,https://www.crunchbase.com/organization/turbine-finance,Seed,8750000,USD,8750000,2024-01-01,Yes,,https://www.turbine.co/,,,1
Seed Round - Warp,https://www.crunchbase.com/funding_round/warp-e7b9-seed--8fd2f034,"New York, New York, United States, North America",Warp,https://www.crunchbase.com/organization/warp-e7b9,Seed,3000000,USD,3000000,2024-01-01,Yes,,https://www.joinwarp.com,,1,1
Seed Round - Givepact,https://www.crunchbase.com/funding_round/givepact-seed--2ea1feab,"New York, New York, United States, North America",Givepact,https://www.crunchbase.com/organization/givepact,Seed,400000,USD,400000,2023-12-31,Yes,,https://www.givepact.io/,,,2
Seed Round - MoneyHash,https://www.crunchbase.com/funding_round/moneyhash-seed--f9b89bd5,"San Francisco, California, United States, North America",MoneyHash,https://www.crunchbase.com/organization/moneyhash,Seed,4500000,USD,4500000,2023-12-21,Yes,$10M to $50M,https://moneyhash.io/,Women Founded,3,8
Seed Round - Crescent,https://www.crunchbase.com/funding_round/crescent-2bc0-seed--9ca0839f,"San Francisco, California, United States, North America",Crescent,https://www.crunchbase.com/organization/crescent-2bc0,Seed,4000000,USD,4000000,2023-12-20,Yes,$1M to $10M,http://getcrescent.com,,,
Seed Round - Salt Labs,https://www.crunchbase.com/funding_round/salt-labs-inc-seed--93237d3d,"New York, New York, United States, North America",Salt Labs,https://www.crunchbase.com/organization/salt-labs-inc,Seed,8000000,USD,8000000,2023-12-19,Yes,,https://saltlabs.com,Women Founded,1,2
Seed Round - Dinari,https://www.crunchbase.com/funding_round/dinari-seed--4776ceb9,"Palo Alto, California, United States, North America",Dinari,https://www.crunchbase.com/organization/dinari,Seed,2500000,USD,2500000,2023-12-18,Yes,$1M to $10M,https://www.dinari.com/,,,7
Seed Round - Konzortia Capital Inc,https://www.crunchbase.com/funding_round/konzortia-capital-inc-seed--ebb6b18a,"New York, New York, United States, North America",Konzortia Capital Inc,https://www.crunchbase.com/organization/konzortia-capital-inc,Seed,4200000,USD,4200000,2023-12-06,Yes,$1M to $10M,https://konzortia.capital,,,
Seed Round - Six Clovers,https://www.crunchbase.com/funding_round/six-clovers-seed--e43240c8,"Gilroy, California, United States, North America",Six Clovers,https://www.crunchbase.com/organization/six-clovers,Seed,1676750,USD,1676750,2023-12-06,Yes,$1M to $10M,https://www.sixclovers.com/,,,
Seed Round - Comulate,https://www.crunchbase.com/funding_round/comulate-seed--a525e07f,"San Francisco, California, United States, North America",Comulate,https://www.crunchbase.com/organization/comulate,Seed,4000000,USD,4000000,2023-12-05,Yes,$1M to $10M,https://www.comulate.com,,,1
Seed Round - Vooma,https://www.crunchbase.com/funding_round/vooma-ed49-seed--b0e307eb,"San Francisco, California, United States, North America",Vooma,https://www.crunchbase.com/organization/vooma-ed49,Seed,3600000,USD,3600000,2023-12-01,Yes,$1M to $10M,https://www.vooma.com,,,27
Seed Round - OKY,https://www.crunchbase.com/funding_round/oky-seed--6bbea7c9,"Miami, Florida, United States, North America",OKY,https://www.crunchbase.com/organization/oky,Seed,2400000,USD,2400000,2023-12-01,Yes,$1M to $10M,http://okyapp.com,"Hispanic / Latine Founded, Hispanic / Latine Led",1,1
Seed Round - FinanEx,https://www.crunchbase.com/funding_round/finanex-seed--b56cdbd5,"Hollywood, Florida, United States, North America",FinanEx,https://www.crunchbase.com/organization/finanex,Seed,3000000,USD,3000000,2023-11-30,Yes,,https://www.finanex.io/,Hispanic / Latine Founded,1,8
Seed Round - WiseLayer,https://www.crunchbase.com/funding_round/WiseLayer-seed--e530b2f9,"New York, New York, United States, North America",WiseLayer,https://www.crunchbase.com/organization/WiseLayer,Seed,250000,USD,250000,2023-11-30,Yes,$1M to $10M,https://www.wiselayer.com/,,,1
Seed Round - Acctual,https://www.crunchbase.com/funding_round/acctual-seed--b88c6a58,"New York, New York, United States, North America",Acctual,https://www.crunchbase.com/organization/acctual,Seed,3850000,USD,3850000,2023-11-29,Yes,,https://www.acctual.com/,,,11
Seed Round - The Futeur,https://www.crunchbase.com/funding_round/futeur-seed--6270b273,"New York, New York, United States, North America",The Futeur,https://www.crunchbase.com/organization/futeur,Seed,3200000,USD,3200000,2023-11-17,Yes,$1M to $10M,https://www.thefuteur.com,Women Led,,
Seed Round - Lieef,https://www.crunchbase.com/funding_round/lieef-inc-seed--61c4f24d,"Irvine, California, United States, North America",Lieef,https://www.crunchbase.com/organization/lieef-inc,Seed,30000000,USD,30000000,2023-11-16,Yes,Less than $1M,https://lieef.com/,,,
Seed Round - Every,https://www.crunchbase.com/funding_round/every-inc-seed--6ccdd807,"San Francisco, California, United States, North America",Every,https://www.crunchbase.com/organization/every-inc,Seed,9500000,USD,9500000,2023-11-16,Yes,,https://every.io/,,3,4
Seed Round - WorkMade,https://www.crunchbase.com/funding_round/workmade-seed--5d9930ce,"New City, New York, United States, North America",WorkMade,https://www.crunchbase.com/organization/workmade,Seed,5500000,USD,5500000,2023-11-15,Yes,,https://workmade.com,,,5
Seed Round - Beinsure,https://www.crunchbase.com/funding_round/beinsure-seed--0cdfb3d1,"New York, New York, United States, North America",Beinsure,https://www.crunchbase.com/organization/beinsure,Seed,250000,USD,250000,2023-11-15,Yes,,https://beinsure.com/,Women Founded,,1
Seed Round - Coverself,https://www.crunchbase.com/funding_round/coverself-seed--68fdc6e6,"San Francisco, California, United States, North America",Coverself,https://www.crunchbase.com/organization/coverself,Seed,3375000,USD,3375000,2023-11-14,Yes,$1M to $10M,https://www.coverself.com,,2,4
Seed Round - Kresko Labs,https://www.crunchbase.com/funding_round/kresko-labs-seed--d82d178a,"Ontario, California, United States, North America",Kresko Labs,https://www.crunchbase.com/organization/kresko-labs,Seed,1800000,USD,1800000,2023-11-08,Yes,,https://www.kresko.fi/,,,10
Seed Round - vipHomeLink,https://www.crunchbase.com/funding_round/viphomelink-seed--636c3d0a,"Morristown, New Jersey, United States, North America",vipHomeLink,https://www.crunchbase.com/organization/viphomelink,Seed,2200000,USD,2200000,2023-10-26,Yes,Less than $1M,https://www.vipHomeLink.com,,,
Seed Round - Aleph,https://www.crunchbase.com/funding_round/aleph-labs-seed--2dbe97e6,"New York, New York, United States, North America",Aleph,https://www.crunchbase.com/organization/aleph-labs,Seed,5200000,USD,5200000,2023-10-24,Yes,$1M to $10M,https://www.getaleph.com,,1,9
Seed Round - Prism Data,https://www.crunchbase.com/funding_round/prism-data-seed--74e6372d,"New York, New York, United States, North America",Prism Data,https://www.crunchbase.com/organization/prism-data,Seed,5000000,USD,5000000,2023-10-23,Yes,,https://www.prismdata.com,,3,8
Seed Round - 2EX Technology,https://www.crunchbase.com/funding_round/2ex-technology-seed--526ab13c,"San Francisco, California, United States, North America",2EX Technology,https://www.crunchbase.com/organization/2ex-technology,Seed,2000000,USD,2000000,2023-10-20,Yes,,https://2ex.technology,,,
Seed Round - Statement,https://www.crunchbase.com/funding_round/statement-039c-seed--bc339f80,"New York, New York, United States, North America",Statement,https://www.crunchbase.com/organization/statement-039c,Seed,12000000,USD,12000000,2023-10-18,Yes,,https://www.statement.io,,1,4
Seed Round - Dollarize,https://www.crunchbase.com/funding_round/investore-seed--710278af,"New York, New York, United States, North America",Dollarize,https://www.crunchbase.com/organization/investore,Seed,200000,USD,200000,2023-10-15,Yes,,https://dollarize.me/,,,1
Seed Round - StoreCash,https://www.crunchbase.com/funding_round/storecash-seed--0d7c8541,"San Jose, California, United States, North America",StoreCash,https://www.crunchbase.com/organization/storecash,Seed,1000000,USD,1000000,2023-10-12,Yes,Less than $1M,https://www.storecashapp.com/,"Black Founded, Black Led, South Asian Founded, South Asian Led, Women Founded",2,1
Seed Round - ModernTax,https://www.crunchbase.com/funding_round/rapidly-seed--b36c0f2f,"San Francisco, California, United States, North America",ModernTax,https://www.crunchbase.com/organization/rapidly,Seed,100000,USD,100000,2023-10-09,Yes,$1M to $10M,http://moderntax.io,"Black Founded, Black Led",1,1
Seed Round - Ostium,https://www.crunchbase.com/funding_round/ostium-seed--0f575946,"New York, New York, United States, North America",Ostium,https://www.crunchbase.com/organization/ostium,Seed,2900000,GBP,3549020,2023-10-06,Yes,,https://www.ostium.io,,3,9
Seed Round - Money.Net,https://www.crunchbase.com/funding_round/money-net-seed--e8b968b2,"Jersey City, New Jersey, United States, North America",Money.Net,https://www.crunchbase.com/organization/money-net,Seed,850000,USD,850000,2023-10-03,Yes,$1M to $10M,http://www.money.net,,,
Seed Round - Creednz,https://www.crunchbase.com/funding_round/creednz-seed--25667808,"Miami, Florida, United States, North America",Creednz,https://www.crunchbase.com/organization/creednz,Seed,7000000,USD,7000000,2023-09-27,Yes,$1M to $10M,https://creednz.com/,,,3
Seed Round - Pontoro,https://www.crunchbase.com/funding_round/pontoro-seed--cdb26fbc,"Mountain View, California, United States, North America",Pontoro,https://www.crunchbase.com/organization/pontoro,Seed,4600000,USD,4600000,2023-09-26,Yes,$1M to $10M,https://www.pontoro.com/,,4,5
Seed Round - HealNow,https://www.crunchbase.com/funding_round/healnow-seed--c1a0fa2d,"New York, New York, United States, North America",HealNow,https://www.crunchbase.com/organization/healnow,Seed,5500000,USD,5500000,2023-09-20,Yes,$1M to $10M,http://www.healnow.co,"Black Founded, Black Led",1,5
Seed Round - Untapped Global,https://www.crunchbase.com/funding_round/untapped-global-seed--113dc53c,"San Francisco, California, United States, North America",Untapped Global,https://www.crunchbase.com/organization/untapped-global,Seed,3000000,USD,3000000,2023-09-20,Yes,$1M to $10M,https://untapped-global.com/,,1,3
Seed Round - BayaniPay,https://www.crunchbase.com/funding_round/bayanipay-seed--9dee6833,"El Segundo, California, United States, North America",BayaniPay,https://www.crunchbase.com/organization/bayanipay,Seed,2100000,USD,2100000,2023-09-14,Yes,$1M to $10M,https://www.bayanipay.com,,1,2
Seed Round - Layer N,https://www.crunchbase.com/funding_round/layer-n-seed--6eceb00d,"New York, New York, United States, North America",Layer N,https://www.crunchbase.com/organization/layer-n,Seed,5000000,USD,5000000,2023-09-13,Yes,,https://www.layern.com/,,1,9
Seed Round - TAZI,https://www.crunchbase.com/funding_round/tazi-io-seed--5b865eea,"San Francisco, California, United States, North America",TAZI,https://www.crunchbase.com/organization/tazi-io,Seed,100000,USD,100000,2023-09-13,Yes,$1M to $10M,https://tazi.ai,"Women Founded, Women Led",1,2
Seed Round - Truewind,https://www.crunchbase.com/funding_round/truewind-69f1-seed--512368a2,"San Francisco, California, United States, North America",Truewind,https://www.crunchbase.com/organization/truewind-69f1,Seed,3000000,USD,3000000,2023-09-13,Yes,,https://www.truewind.ai,,,8
Seed Round - Parallax,https://www.crunchbase.com/funding_round/parallax-284a-seed--d35e8a41,"New York, New York, United States, North America",Parallax,https://www.crunchbase.com/organization/parallax-284a,Seed,4500000,USD,4500000,2023-09-12,Yes,,https://www.parallax.to,Women Founded,1,9
Seed Round - Port.,https://www.crunchbase.com/funding_round/port-876a-seed--8892ebb5,"New York, New York, United States, North America",Port.,https://www.crunchbase.com/organization/port-876a,Seed,25000,USD,25000,2023-09-12,Yes,,https://runport.io/,,,
Seed Round - Hadrius,https://www.crunchbase.com/funding_round/hadrius-seed--8a20aa09,"San Francisco, California, United States, North America",Hadrius,https://www.crunchbase.com/organization/hadrius,Seed,2000000,USD,2000000,2023-09-11,Yes,,https://www.hadrius.com,,,6
Seed Round - Atlas,https://www.crunchbase.com/funding_round/atlas-fe7b-seed--2cb2009d,"Berkeley, California, United States, North America",Atlas,https://www.crunchbase.com/organization/atlas-fe7b,Seed,7150983,USD,7150983,2023-09-08,Yes,$100M to $500M,http://www.atlasfin.com,,,4
Seed Round - Pop Social,https://www.crunchbase.com/funding_round/pop-social-5536-seed--c7c74ccb,"New York, New York, United States, North America",Pop Social,https://www.crunchbase.com/organization/pop-social-5536,Seed,4000000,USD,4000000,2023-09-08,Yes,$1M to $10M,https://www.popsocial.io,,,7
Seed Round - Félix,https://www.crunchbase.com/funding_round/felix-44f4-seed--6f896a57,"San Francisco, California, United States, North America",Félix,https://www.crunchbase.com/organization/felix-44f4,Seed,2800000,USD,2800000,2023-09-08,Yes,$1M to $10M,https://www.felixpago.com,,,7
Seed Round - Alix,https://www.crunchbase.com/funding_round/alix-9151-seed--9331e150,"San Francisco, California, United States, North America",Alix,https://www.crunchbase.com/organization/alix-9151,Seed,5500000,USD,5500000,2023-09-07,Yes,,http://www.meetalix.com,Women Founded,2,6
Seed Round - CandorIQ,https://www.crunchbase.com/funding_round/candoriq-seed--16dc2276,"San Francisco, California, United States, North America",CandorIQ,https://www.crunchbase.com/organization/candoriq,Seed,4800000,USD,4800000,2023-09-06,Yes,,https://www.candoriq.com/,,1,4
Seed Round - Respaid,https://www.crunchbase.com/funding_round/respaid-seed--ba21e3d7,"San Francisco, California, United States, North America",Respaid,https://www.crunchbase.com/organization/respaid,Seed,500000,USD,500000,2023-09-06,Yes,,https://respaid.com,,1,3
Seed Round - Firstcard,https://www.crunchbase.com/funding_round/firstcard-seed--90526afc,"Menlo Park, California, United States, North America",Firstcard,https://www.crunchbase.com/organization/firstcard,Seed,4700000,USD,4700000,2023-09-06,Yes,$1M to $10M,https://www.firstcard.app/,,1,5
Seed Round - Surmount,https://www.crunchbase.com/funding_round/surmount-ai-seed--5c4ca30c,"San Francisco, California, United States, North America",Surmount,https://www.crunchbase.com/organization/surmount-ai,Seed,500000,USD,500000,2023-09-01,Yes,$1M to $10M,https://surmount.ai,,,
Seed Round - iPayed,https://www.crunchbase.com/funding_round/ipayed-seed--32ee262f,"Peekskill, New York, United States, North America",iPayed,https://www.crunchbase.com/organization/ipayed,Seed,100000,USD,100000,2023-08-23,Yes,Less than $1M,http://ipayed.com/,,,
Seed Round - Mirza,https://www.crunchbase.com/funding_round/mirza-seed--3c51d27e,"New York, New York, United States, North America",Mirza,https://www.crunchbase.com/organization/mirza,Seed,3599500,USD,3599500,2023-08-18,Yes,$1M to $10M,https://www.heymirza.com/,Women Founded,,3
Seed Round - Ellipsis Labs,https://www.crunchbase.com/funding_round/ellipsis-labs-seed--d45b9348,"New York, New York, United States, North America",Ellipsis Labs,https://www.crunchbase.com/organization/ellipsis-labs,Seed,3300000,USD,3300000,2023-08-17,Yes,$1M to $10M,https://ellipsislabs.xyz/,,,6
Seed Round - Kintsugi AI,https://www.crunchbase.com/funding_round/kintsugi-0524-seed--5b04dc42,"San Francisco, California, United States, North America",Kintsugi AI,https://www.crunchbase.com/organization/kintsugi-0524,Seed,2200000,USD,2200000,2023-08-15,Yes,$1M to $10M,https://trykintsugi.com,,2,3
Seed Round - Qurable,https://www.crunchbase.com/funding_round/qurable-seed--c167ae38,"Miami, Florida, United States, North America",Qurable,https://www.crunchbase.com/organization/qurable,Seed,165000,USD,165000,2023-08-10,Yes,,https://www.qurable.co,Women Founded,,
Seed Round - Suno,https://www.crunchbase.com/funding_round/suno-1ced-seed--8115a11b,"New York, New York, United States, North America",Suno,https://www.crunchbase.com/organization/suno-1ced,Seed,1400000,USD,1400000,2023-08-07,Yes,,https://www.suno.tech/,,,
Seed Round - EMTECH,https://www.crunchbase.com/funding_round/emtech-9fe5-seed--85b2cc39,"New York, New York, United States, North America",EMTECH,https://www.crunchbase.com/organization/emtech-9fe5,Seed,4000000,USD,4000000,2023-08-03,Yes,$1M to $10M,https://emtech.com,"Black Founded, Women Founded, Women Led",4,10
Seed Round - Functional Finance,https://www.crunchbase.com/funding_round/functional-finance-6b5d-seed--ed92f9c9,"San Francisco, California, United States, North America",Functional Finance,https://www.crunchbase.com/organization/functional-finance-6b5d,Seed,10000000,USD,10000000,2023-08-03,Yes,$1M to $10M,https://www.functionalfi.com,Women Founded,1,4
Seed Round - Finicast,https://www.crunchbase.com/funding_round/finicast-seed--34acc847,"San Mateo, California, United States, North America",Finicast,https://www.crunchbase.com/organization/finicast,Seed,12800000,USD,12800000,2023-07-27,Yes,$1M to $10M,https://www.finicast.com,,1,1
Seed Round - Effectiv,https://www.crunchbase.com/funding_round/effectiv-seed--7dc5f887,"San Francisco, California, United States, North America",Effectiv,https://www.crunchbase.com/organization/effectiv,Seed,4500000,USD,4500000,2023-07-26,Yes,$1M to $10M,https://effectiv.ai,,2,3
Seed Round - Giraffe,https://www.crunchbase.com/funding_round/giraffe-8aee-seed--69e7b39e,"New York, New York, United States, North America",Giraffe,https://www.crunchbase.com/organization/giraffe-8aee,Seed,10500000,USD,10500000,2023-07-25,Yes,,https://giraffe.us,,,2
Seed Round - Efficient Capital Labs,https://www.crunchbase.com/funding_round/efficient-capital-labs-seed--95439d0e,"New York, New York, United States, North America",Efficient Capital Labs,https://www.crunchbase.com/organization/efficient-capital-labs,Seed,7000000,USD,7000000,2023-07-13,Yes,$10M to $50M,https://www.ecaplabs.com/,,4,6
Seed Round - Dinari,https://www.crunchbase.com/funding_round/dinari-seed--340dbd3a,"Palo Alto, California, United States, North America",Dinari,https://www.crunchbase.com/organization/dinari,Seed,7500000,USD,7500000,2023-07-12,Yes,$1M to $10M,https://www.dinari.com/,,,6
Seed Round - RTX Holdings,https://www.crunchbase.com/funding_round/rtx-holdings-seed--4ca04947,"New York, New York, United States, North America",RTX Holdings,https://www.crunchbase.com/organization/rtx-holdings,Seed,3570000,USD,3570000,2023-07-11,Yes,,https://www.rtxfintech.com,,,
Seed Round - Seeds,https://www.crunchbase.com/funding_round/seeds-9181-seed--6045f314,"New York, New York, United States, North America",Seeds,https://www.crunchbase.com/organization/seeds-9181,Seed,1999999,USD,1999999,2023-07-10,Yes,$1M to $10M,https://www.useseeds.com,,,
Seed Round - Topkey,https://www.crunchbase.com/funding_round/topkey-seed--a2a1942f,"San Francisco, California, United States, North America",Topkey,https://www.crunchbase.com/organization/topkey,Seed,5200000,USD,5200000,2023-07-05,Yes,$1M to $10M,https://www.topkey.io,,1,9
Seed Round - Bequest Finance,https://www.crunchbase.com/funding_round/bequest-finance-seed--99f42ca3,"New York, New York, United States, North America",Bequest Finance,https://www.crunchbase.com/organization/bequest-finance,Seed,2750000,USD,2750000,2023-07-03,Yes,,https://www.bequest.finance,,,2
Seed Round - Pave,https://www.crunchbase.com/funding_round/pave-1e46-seed--335922e1,"Los Altos, California, United States, North America",Pave,https://www.crunchbase.com/organization/pave-1e46,Seed,2700000,USD,2700000,2023-07-01,Yes,$10M to $50M,http://pavefi.com,Women Founded,1,7
Seed Round - AGTools,https://www.crunchbase.com/funding_round/agtools-seed--b9635ab4,"Irvine, California, United States, North America",AGTools,https://www.crunchbase.com/organization/agtools,Seed,2300000,USD,2300000,2023-07-01,Yes,$1M to $10M,https://www.agtechtools.com/,"Hispanic / Latine Founded, Women Founded, Women Led",1,2
Seed Round - Dots,https://www.crunchbase.com/funding_round/dots-002d-seed--3f48d8ad,"San Francisco, California, United States, North America",Dots,https://www.crunchbase.com/organization/dots-002d,Seed,3000000,USD,3000000,2023-07-01,Yes,,https://dots.dev,,,1
Seed Round - Hook,https://www.crunchbase.com/funding_round/hook-8bcf-seed--549d02af,"New York, New York, United States, North America",Hook,https://www.crunchbase.com/organization/hook-8bcf,Seed,3000000,USD,3000000,2023-06-28,Yes,,https://www.hook.xyz,,,12
Seed Round - BixBeta Inc,https://www.crunchbase.com/funding_round/bixbeta-inc-seed--a3ca66c3,"New York, New York, United States, North America",BixBeta Inc,https://www.crunchbase.com/organization/bixbeta-inc,Seed,35000,USD,35000,2023-06-28,Yes,,https://www.bixbeta.com,"Women Founded, Women Led",,1
Seed Round - Talino Venture Labs,https://www.crunchbase.com/funding_round/talino-labs-venture-seed--df2d964e,"Los Angeles, California, United States, North America",Talino Venture Labs,https://www.crunchbase.com/organization/talino-labs-venture,Seed,550000,USD,550000,2023-06-23,Yes,,https://www.talinoventures.com,"Southeast Asian Founded, Southeast Asian Led, Women Led",,
Seed Round - Aktos,https://www.crunchbase.com/funding_round/aktos-seed--bf967dda,"New York, New York, United States, North America",Aktos,https://www.crunchbase.com/organization/aktos,Seed,4400000,USD,4400000,2023-06-21,Yes,$1M to $10M,http://www.getaktos.com,,1,2
Seed Round - Tap,https://www.crunchbase.com/funding_round/tap-1a47-seed--42add27c,"New York, New York, United States, North America",Tap,https://www.crunchbase.com/organization/tap-1a47,Seed,3000000,USD,3000000,2023-06-12,Yes,,https://www.usetap.com,,,5
Seed Round - Cache,https://www.crunchbase.com/funding_round/cache-cb91-seed--81c93257,"San Francisco, California, United States, North America",Cache,https://www.crunchbase.com/organization/cache-cb91,Seed,5750000,USD,5750000,2023-06-08,Yes,,https://usecache.com,,,2
Seed Round - Numeral,https://www.crunchbase.com/funding_round/numeral-9f11-seed--96c4712a,"San Francisco, California, United States, North America",Numeral,https://www.crunchbase.com/organization/numeral-9f11,Seed,3575000,USD,3575000,2023-06-07,Yes,,https://gonumeral.com/,,,2
Seed Round - Connectifi,https://www.crunchbase.com/funding_round/connectifi-seed--71ac7fe5,"Montclair, New Jersey, United States, North America",Connectifi,https://www.crunchbase.com/organization/connectifi,Seed,3400000,USD,3400000,2023-06-06,Yes,$1M to $10M,https://www.connectifi.co/,,2,2
Seed Round - Bonumbit,https://www.crunchbase.com/funding_round/company-bonumbitt-inc-seed--8415a220,"San Jose, California, United States, North America",Bonumbit,https://www.crunchbase.com/organization/company-bonumbitt-inc,Seed,3000000,USD,3000000,2023-06-03,Yes,,https://bonumbit.com,,,1
Seed Round - Boom,https://www.crunchbase.com/funding_round/boom-1f1d-seed--b967aaca,"New York, New York, United States, North America",Boom,https://www.crunchbase.com/organization/boom-1f1d,Seed,4500000,USD,4500000,2023-05-31,Yes,$1M to $10M,https://boompay.app,,,7
Seed Round - EZcale,https://www.crunchbase.com/funding_round/ezcale-seed--7888ef05,"Miami, Florida, United States, North America",EZcale,https://www.crunchbase.com/organization/ezcale,Seed,1500000,USD,1500000,2023-05-24,Yes,,https://www.ezcale.com/,,2,1
Seed Round - Onyx Private,https://www.crunchbase.com/funding_round/onyx-card-seed--cb2a5d90,"Miami, Florida, United States, North America",Onyx Private,https://www.crunchbase.com/organization/onyx-card,Seed,4100000,USD,4100000,2023-05-22,Yes,,https://onyxprivate.com,Hispanic / Latine Founded,5,6
Seed Round - Azteco,https://www.crunchbase.com/funding_round/azteco-seed--e06e25e4,"Santa Monica, California, United States, North America",Azteco,https://www.crunchbase.com/organization/azteco,Seed,6000000,USD,6000000,2023-05-18,Yes,$1M to $10M,https://azte.co,,1,9
Seed Round - Zamp,https://www.crunchbase.com/funding_round/zamp-c5a6-seed--3b80afed,"New York, New York, United States, North America",Zamp,https://www.crunchbase.com/organization/zamp-c5a6,Seed,4000000,USD,4000000,2023-05-10,Yes,$1M to $10M,https://zamp.com,South Asian Founded,3,39
Seed Round - Salsa,https://www.crunchbase.com/funding_round/salsa-e395-seed--b39d960e,"San Francisco, California, United States, North America",Salsa,https://www.crunchbase.com/organization/salsa-e395,Seed,10000000,USD,10000000,2023-05-10,Yes,,https://www.salsa.dev,,2,15
Seed Round - AltHub,https://www.crunchbase.com/funding_round/althub-llc-seed--d8b02704,"New York, New York, United States, North America",AltHub,https://www.crunchbase.com/organization/althub-llc,Seed,900000,USD,900000,2023-05-09,Yes,Less than $1M,https://www.althub.com,South Asian Founded,1,1
Seed Round - Charlie,https://www.crunchbase.com/funding_round/charlie-a850-seed--8276ed03,"Los Angeles, California, United States, North America",Charlie,https://www.crunchbase.com/organization/charlie-a850,Seed,7500000,USD,7500000,2023-05-09,Yes,$1M to $10M,https://www.charlie.com,,2,5
Seed Round - Bend,https://www.crunchbase.com/funding_round/bend-ec13-seed--4ceb71d0,"New York, New York, United States, North America",Bend,https://www.crunchbase.com/organization/bend-ec13,Seed,2500000,USD,2500000,2023-05-03,Yes,,https://bend.green/,,,
Seed Round - Finvest,https://www.crunchbase.com/funding_round/shyp-2569-seed--d7fd62ca,"San Francisco, California, United States, North America",Finvest,https://www.crunchbase.com/organization/shyp-2569,Seed,2600000,USD,2600000,2023-05-01,Yes,,https://getfinvest.com/,,,5
Seed Round - Signum.ai,https://www.crunchbase.com/funding_round/signum-seed--8d7206d0,"New York, New York, United States, North America",Signum.ai,https://www.crunchbase.com/organization/signum,Seed,231000,USD,231000,2023-05-01,Yes,Less than $1M,https://signum.ai,,,2
Seed Round - Numeral,https://www.crunchbase.com/funding_round/numeral-72d0-seed--d7286bea,"San Francisco, California, United States, North America",Numeral,https://www.crunchbase.com/organization/numeral-72d0,Seed,4000000,USD,4000000,2023-05-01,Yes,,https://www.numeralhq.com,,1,6
Seed Round - Jia,https://www.crunchbase.com/funding_round/jia-88c6-seed--b799e93d,"Los Angeles, California, United States, North America",Jia,https://www.crunchbase.com/organization/jia-88c6,Seed,4300000,USD,4300000,2023-04-26,Yes,$1M to $10M,http://jia.xyz,Women Founded,2,15
Seed Round - Milio,https://www.crunchbase.com/funding_round/milio-393b-seed--5e19537b,"San Francisco, California, United States, North America",Milio,https://www.crunchbase.com/organization/milio-393b,Seed,2000000,USD,2000000,2023-04-25,Yes,,https://milio.com.co,,,3
Seed Round - Evergrow,https://www.crunchbase.com/funding_round/evergrow-d375-seed--2c5f29fc,"San Francisco, California, United States, North America",Evergrow,https://www.crunchbase.com/organization/evergrow-d375,Seed,7000000,USD,7000000,2023-04-18,Yes,$1M to $10M,https://evergrow.com/,,3,4
Seed Round - RTX Holdings,https://www.crunchbase.com/funding_round/rtx-holdings-seed--48118a26,"New York, New York, United States, North America",RTX Holdings,https://www.crunchbase.com/organization/rtx-holdings,Seed,4445000,USD,4445000,2023-04-12,Yes,,https://www.rtxfintech.com,,,
Seed Round - martini.ai,https://www.crunchbase.com/funding_round/martini-ai-seed--ce6d3f0f,"Santa Clara, California, United States, North America",martini.ai,https://www.crunchbase.com/organization/martini-ai,Seed,6000000,USD,6000000,2023-04-11,Yes,$1M to $10M,https://martini.ai/,,1,2
Seed Round - Paperplane,https://www.crunchbase.com/funding_round/paperplane-f079-seed--be0a9bde,"New York, New York, United States, North America",Paperplane,https://www.crunchbase.com/organization/paperplane-f079,Seed,3000000,USD,3000000,2023-04-05,Yes,,https://www.paperplane.ai,,,3
Seed Round - Wallbit,https://www.crunchbase.com/funding_round/wallbit-seed--8f9a861e,"San Francisco, California, United States, North America",Wallbit,https://www.crunchbase.com/organization/wallbit,Seed,1500000,USD,1500000,2023-04-05,Yes,Less than $1M,https://wallbit.io,,,5
Seed Round - Hadrius,https://www.crunchbase.com/funding_round/hadrius-seed--d4c3f6ae,"San Francisco, California, United States, North America",Hadrius,https://www.crunchbase.com/organization/hadrius,Seed,500000,USD,500000,2023-04-05,Yes,,https://www.hadrius.com,,,2
Seed Round - Seqnc,https://www.crunchbase.com/funding_round/seqnc-inc-seed--e1c3827b,"Pleasant Hill, California, United States, North America",Seqnc,https://www.crunchbase.com/organization/seqnc-inc,Seed,400000,USD,400000,2023-03-29,Yes,Less than $1M,https://www.seqnc.com,,,
Seed Round - EXA CAPITAL INTERNATIONAL,https://www.crunchbase.com/funding_round/exa-capital-international-seed--0b61a2ad,"Miami, Florida, United States, North America",EXA CAPITAL INTERNATIONAL,https://www.crunchbase.com/organization/exa-capital-international,Seed,1000000,USD,1000000,2023-03-27,Yes,,https://exacapital.international/?fbclid=PAAaZ9yAOdX-k0k15kYZPQwsaW03_rWIpAvvmEj6y_N0XdF3_GkiCur_op2fQ,,,1
Seed Round - Soul Wallet,https://www.crunchbase.com/funding_round/soul-wallet-seed--f11638a9,"Santa Monica, California, United States, North America",Soul Wallet,https://www.crunchbase.com/organization/soul-wallet,Seed,3000000,USD,3000000,2023-03-16,Yes,,https://www.soulwallet.io,,,40
Seed Round - Parker,https://www.crunchbase.com/funding_round/parker-570c-seed--79b5fe65,"New York, New York, United States, North America",Parker,https://www.crunchbase.com/organization/parker-570c,Seed,5900000,USD,5900000,2023-03-16,Yes,$1M to $10M,https://getparker.com,,1,1
Seed Round - Payabli,https://www.crunchbase.com/funding_round/payabli-seed--641d0ef5,"Miami, Florida, United States, North America",Payabli,https://www.crunchbase.com/organization/payabli,Seed,8000000,USD,8000000,2023-03-15,Yes,$1M to $10M,https://www.payabli.com,,3,3
Seed Round - Tradealgo,https://www.crunchbase.com/funding_round/tradealgo-seed--d0e1a8bd,"New York, New York, United States, North America",Tradealgo,https://www.crunchbase.com/organization/tradealgo,Seed,3547000,USD,3547000,2023-03-13,Yes,$1M to $10M,https://www.investintafintech.com/#tm,,,
Seed Round - Bonumbit,https://www.crunchbase.com/funding_round/company-bonumbitt-inc-seed--6082af33,"San Jose, California, United States, North America",Bonumbit,https://www.crunchbase.com/organization/company-bonumbitt-inc,Seed,2000000,USD,2000000,2023-03-09,Yes,,https://bonumbit.com,,,3
Seed Round - Sora,https://www.crunchbase.com/funding_round/sora-bade-seed--5f66d83c,"San Francisco, California, United States, North America",Sora,https://www.crunchbase.com/organization/sora-bade,Seed,3900000,USD,3900000,2023-03-03,Yes,$1M to $10M,https://www.sorafinance.com,,,7
Seed Round - Respaid,https://www.crunchbase.com/funding_round/respaid-seed--7dc35b22,"San Francisco, California, United States, North America",Respaid,https://www.crunchbase.com/organization/respaid,Seed,2500000,EUR,2660375,2023-03-03,Yes,,https://respaid.com,,2,2
Seed Round - Autopilot,https://www.crunchbase.com/funding_round/iris-75e0-seed--6c9095b7,"Santa Monica, California, United States, North America",Autopilot,https://www.crunchbase.com/organization/iris-75e0,Seed,1425000,USD,1425000,2023-03-01,Yes,,https://www.joinautopilot.com,,2,1
Seed Round - Den,https://www.crunchbase.com/funding_round/den-7d96-seed--f361aeac,"New York, New York, United States, North America",Den,https://www.crunchbase.com/organization/den-7d96,Seed,2800000,USD,2800000,2023-02-22,Yes,,https://www.onchainden.com/,,1,4
Seed Round - Ledge,https://www.crunchbase.com/funding_round/ledge-d7fb-seed--eab6f67f,"New York, New York, United States, North America",Ledge,https://www.crunchbase.com/organization/ledge-d7fb,Seed,9000000,USD,9000000,2023-02-16,Yes,,https://www.ledge.co,,2,11
Seed Round - Prometheus Technologies,https://www.crunchbase.com/funding_round/prometheus-technologies-seed--6528e4d3,"San Jose, California, United States, North America",Prometheus Technologies,https://www.crunchbase.com/organization/prometheus-technologies,Seed,1000000,USD,1000000,2023-02-16,Yes,$1M to $10M,https://www.prometheusai.co,,,
Seed Round - Alongside,https://www.crunchbase.com/funding_round/alongside-finance-seed--e3f05bd4,"San Francisco, California, United States, North America",Alongside,https://www.crunchbase.com/organization/alongside-finance,Seed,11000000,USD,11000000,2023-02-15,Yes,$1M to $10M,https://www.alongside.xyz,,1,15
Seed Round - QUASH.AI,https://www.crunchbase.com/funding_round/quash-ai-seed--ce817d0e,"Miami, Florida, United States, North America",QUASH.AI,https://www.crunchbase.com/organization/quash-ai,Seed,3700000,USD,3700000,2023-02-10,Yes,,https://quash.ai,,,6
Seed Round - Guava,https://www.crunchbase.com/funding_round/guava-d2a7-seed--71ecc3b3,"New York, New York, United States, North America",Guava,https://www.crunchbase.com/organization/guava-d2a7,Seed,650000,USD,650000,2023-02-09,Yes,Less than $1M,https://www.joinguava.com,"Black Founded, Black Led, Women Founded, Women Led",1,1
Seed Round - Kasheesh,https://www.crunchbase.com/funding_round/kasheesh-seed--7e6be36d,"New York, New York, United States, North America",Kasheesh,https://www.crunchbase.com/organization/kasheesh,Seed,3000000,USD,3000000,2023-02-09,Yes,$1M to $10M,https://www.kasheesh.co/,,,11
Seed Round - Macro,https://www.crunchbase.com/funding_round/macro-0331-seed--c835e245,"New York, New York, United States, North America",Macro,https://www.crunchbase.com/organization/macro-0331,Seed,9379989,USD,9379989,2023-02-08,Yes,$1M to $10M,https://macro.com/,,,4
Seed Round - Rent Spot Me,https://www.crunchbase.com/funding_round/rent-spot-me-seed--97c2d068,"San Francisco, California, United States, North America",Rent Spot Me,https://www.crunchbase.com/organization/rent-spot-me,Seed,5000000,USD,5000000,2023-02-05,Yes,,https://rentspotme.com,,,
Seed Round - Archimedes,https://www.crunchbase.com/funding_round/archimedes-3135-seed--22ac26dd,"Miami, Florida, United States, North America",Archimedes,https://www.crunchbase.com/organization/archimedes-3135,Seed,4900000,USD,4900000,2023-02-01,Yes,,https://archimedesfi.com/,,,7
Seed Round - Warp,https://www.crunchbase.com/funding_round/warp-e7b9-seed--17bc0152,"New York, New York, United States, North America",Warp,https://www.crunchbase.com/organization/warp-e7b9,Seed,2700000,USD,2700000,2023-02-01,Yes,,https://www.joinwarp.com,,,7
Seed Round - Paperstack,https://www.crunchbase.com/funding_round/paperstack-seed--7df72755,"New York, New York, United States, North America",Paperstack,https://www.crunchbase.com/organization/paperstack,Seed,9000000,CAD,6780029,2023-02-01,Yes,,https://paperstack.us,"Women Founded, Women Led",,4
Seed Round - Swirepay,https://www.crunchbase.com/funding_round/swirepay-seed--d9b432a0,"Santa Clara, California, United States, North America",Swirepay,https://www.crunchbase.com/organization/swirepay,Seed,1100000,USD,1100000,2023-01-31,Yes,$1M to $10M,https://www.swirepay.com/,,1,2
Seed Round - Meadow,https://www.crunchbase.com/funding_round/meadow-e101-seed--ebee8149,"New York, New York, United States, North America",Meadow,https://www.crunchbase.com/organization/meadow-e101,Seed,3500000,USD,3500000,2023-01-31,Yes,$1M to $10M,https://www.meadowfi.com,,,8
Seed Round - Calculum,https://www.crunchbase.com/funding_round/calculum-seed--7316b605,"Miami, Florida, United States, North America",Calculum,https://www.crunchbase.com/organization/calculum,Seed,4191476,USD,4191476,2023-01-30,Yes,$1M to $10M,https://www.calculum.ai/,,1,5
Seed Round - TigerBeetle,https://www.crunchbase.com/funding_round/tigerbeetle-seed--3ee99edd,"San Francisco, California, United States, North America",TigerBeetle,https://www.crunchbase.com/organization/tigerbeetle,Seed,6400000,USD,6400000,2023-01-30,Yes,$1M to $10M,https://tigerbeetle.com/,,,13
Seed Round - Sandbar,https://www.crunchbase.com/funding_round/sandbar-seed--9ff80656,"Manhattan, New York, United States, North America",Sandbar,https://www.crunchbase.com/organization/sandbar,Seed,4800000,USD,4800000,2023-01-24,Yes,$1M to $10M,https://www.sandbar.ai/,,1,11
Seed Round - Lorien Finance,https://www.crunchbase.com/funding_round/lorien-finance-seed--b4a6c403,"New York, New York, United States, North America",Lorien Finance,https://www.crunchbase.com/organization/lorien-finance,Seed,1800000,USD,1800000,2023-01-24,Yes,$1M to $10M,https://www.lorien.finance/,,1,10
Seed Round - Ovation Ventures,https://www.crunchbase.com/funding_round/paperwork-67d0-seed--7692bae2,"Oakland, California, United States, North America",Ovation Ventures,https://www.crunchbase.com/organization/paperwork-67d0,Seed,350000,USD,350000,2023-01-22,Yes,$1M to $10M,https://www.ovationventures.com,,,1
Seed Round - needyou by Socialneed Inc.,https://www.crunchbase.com/funding_round/socialneed-seed--77ebc0ee,"Miami, Florida, United States, North America",needyou by Socialneed Inc.,https://www.crunchbase.com/organization/socialneed,Seed,100000,USD,100000,2023-01-19,Yes,Less than $1M,https://www.needyou.app,,,1
Seed Round - Mesh,https://www.crunchbase.com/funding_round/meshconnectapi-seed--058e183d,"San Francisco, California, United States, North America",Mesh,https://www.crunchbase.com/organization/meshconnectapi,Seed,4000000,USD,4000000,2023-01-18,Yes,$10M to $50M,https://meshconnect.com,,1,9
Seed Round - Arch,https://www.crunchbase.com/funding_round/arch-ef99-seed--616ba4f6,"New York, New York, United States, North America",Arch,https://www.crunchbase.com/organization/arch-ef99,Seed,2750000,USD,2750000,2023-01-18,Yes,,https://www.archlending.com/,,1,11
Seed Round - ePOP AI,https://www.crunchbase.com/funding_round/epop-ai-seed--2916a42c,"New York, New York, United States, North America",ePOP AI,https://www.crunchbase.com/organization/epop-ai,Seed,1600000,USD,1600000,2023-01-11,Yes,$1M to $10M,https://epoppay.com/,,,
Seed Round - MSafe,https://www.crunchbase.com/funding_round/msafe-seed--fa7249cc,"San Francisco, California, United States, North America",MSafe,https://www.crunchbase.com/organization/msafe,Seed,5000000,USD,5000000,2023-01-05,Yes,,https://m-safe.io,Women Founded,,9
Seed Round - Folionet Financial LLC,https://www.crunchbase.com/funding_round/folionet-financial-llc-seed--9d9dc576,"Miami, Florida, United States, North America",Folionet Financial LLC,https://www.crunchbase.com/organization/folionet-financial-llc,Seed,5400000,USD,5400000,2023-01-04,Yes,$1M to $10M,https://folionet.com,,,
Seed Round - DigiShares,https://www.crunchbase.com/funding_round/digishares-seed--156802d8,"Miami, Florida, United States, North America",DigiShares,https://www.crunchbase.com/organization/digishares,Seed,100000,USD,100000,2023-01-04,Yes,$1M to $10M,https://digishares.io/,Women Founded,1,2
Seed Round - Ferry,https://www.crunchbase.com/funding_round/ferry-2e7d-seed--e766780b,"New York, New York, United States, North America",Ferry,https://www.crunchbase.com/organization/ferry-2e7d,Seed,9000000,USD,9000000,2023-01-01,Yes,$1M to $10M,https://www.useferry.com,Women Founded,,7
Seed Round - Benbase,https://www.crunchbase.com/funding_round/benbase-seed--7107b0d0,"San Francisco, California, United States, North America",Benbase,https://www.crunchbase.com/organization/benbase,Seed,5300000,USD,5300000,2023-01-01,Yes,,https://benbase.com/,,,3
Seed Round - Runway Financial,https://www.crunchbase.com/funding_round/runway-financial-seed--fd395a41,"San Francisco, California, United States, North America",Runway Financial,https://www.crunchbase.com/organization/runway-financial,Seed,5000000,USD,5000000,2023-01-01,Yes,$10M to $50M,https://runway.com/,,,2
Seed Round - Verified,https://www.crunchbase.com/funding_round/verifiedinc-seed--afe33b5a,"San Francisco, California, United States, North America",Verified,https://www.crunchbase.com/organization/verifiedinc,Seed,2000000,USD,2000000,2023-01-01,Yes,$1M to $10M,https://www.verified.inc,,,1
Seed Round - Higher Rewards,https://www.crunchbase.com/funding_round/higher-rewards-seed--c3130603,"Concord, California, United States, North America",Higher Rewards,https://www.crunchbase.com/organization/higher-rewards,Seed,250000,USD,250000,2022-12-29,Yes,,https://www.higherrewards.com/,,,1
Seed Round - Hardfin,https://www.crunchbase.com/funding_round/hardfin-seed--ba4d7804,"San Francisco, California, United States, North America",Hardfin,https://www.crunchbase.com/organization/hardfin,Seed,2000000,USD,2000000,2022-12-23,Yes,$1M to $10M,https://www.hardfin.com,,,1
Seed Round - Fintesa,https://www.crunchbase.com/funding_round/fintesa-seed--1a4c471f,"San Francisco, California, United States, North America",Fintesa,https://www.crunchbase.com/organization/fintesa,Seed,250000,USD,250000,2022-12-22,Yes,,https://fintesa.co,,2,2
Seed Round - Gynger,https://www.crunchbase.com/funding_round/gynger-io-seed--a5e810fe,"New York, New York, United States, North America",Gynger,https://www.crunchbase.com/organization/gynger-io,Seed,11700000,USD,11700000,2022-12-21,Yes,$1M to $10M,https://www.gynger.io,,3,6
Seed Round - ML Tech,https://www.crunchbase.com/funding_round/ml-tech-seed--e1f607b8,"Miami, Florida, United States, North America",ML Tech,https://www.crunchbase.com/organization/ml-tech,Seed,1900000,USD,1900000,2022-12-20,Yes,$1M to $10M,https://mltech.ai,,1,4
Seed Round - Nelumbium Capital,https://www.crunchbase.com/funding_round/nelumbium-capital-seed--f1b910e1,"New York, New York, United States, North America",Nelumbium Capital,https://www.crunchbase.com/organization/nelumbium-capital,Seed,250000,USD,250000,2022-12-16,Yes,Less than $1M,https://nelumbium.com/,,,
Seed Round - Nilus,https://www.crunchbase.com/funding_round/nilus-7a2a-seed--ed0188fc,"New York, New York, United States, North America",Nilus,https://www.crunchbase.com/organization/nilus-7a2a,Seed,8600000,USD,8600000,2022-12-14,Yes,$1M to $10M,https://www.nilus.com,,3,5
Seed Round - Wealthface,https://www.crunchbase.com/funding_round/wealthface-seed--03fecb59,"New York, New York, United States, North America",Wealthface,https://www.crunchbase.com/organization/wealthface,Seed,500000,USD,500000,2022-12-13,Yes,$1M to $10M,https://wealthface.com/,,,
Seed Round - Cacheflow,https://www.crunchbase.com/funding_round/cacheflow-33f5-seed--ed7569f7,"Los Altos, California, United States, North America",Cacheflow,https://www.crunchbase.com/organization/cacheflow-33f5,Seed,10000000,USD,10000000,2022-12-06,Yes,$1M to $10M,https://getcacheflow.com,"Women Founded, Women Led",2,3
Seed Round - Pylon,https://www.crunchbase.com/funding_round/braid-75b6-seed--e34fcc96,"New York, New York, United States, North America",Pylon,https://www.crunchbase.com/organization/braid-75b6,Seed,8500000,USD,8500000,2022-12-05,Yes,$1M to $10M,http://www.pylonlending.com/,,5,11
Seed Round - Bridgewise,https://www.crunchbase.com/funding_round/deshe-seed--f701e696,"New York, New York, United States, North America",Bridgewise,https://www.crunchbase.com/organization/deshe,Seed,13000000,USD,13000000,2022-12-01,Yes,,https://www.bridgewise.com/,,,3
Seed Round - LiquiDonate,https://www.crunchbase.com/funding_round/liquidonate-b4ec-seed--d759f035,"San Francisco, California, United States, North America",LiquiDonate,https://www.crunchbase.com/organization/liquidonate-b4ec,Seed,2250000,USD,2250000,2022-11-30,Yes,$1M to $10M,http://www.liquidonate.com,"Hispanic / Latine Led, South Asian Founded, South Asian Led, Women Founded, Women Led",1,5
Seed Round - Port.,https://www.crunchbase.com/funding_round/port-876a-seed--f28e2d8d,"New York, New York, United States, North America",Port.,https://www.crunchbase.com/organization/port-876a,Seed,56000,USD,56000,2022-11-28,Yes,,https://runport.io/,,,
Seed Round - Flourish Fi,https://www.crunchbase.com/funding_round/flourish-savings-seed--05c11859,"Berkeley, California, United States, North America",Flourish Fi,https://www.crunchbase.com/organization/flourish-savings,Seed,2300000,USD,2300000,2022-11-23,Yes,$1M to $10M,https://www.flourishfi.com/,"Hispanic / Latine Founded, Hispanic / Latine Led, Women Founded",1,12
Seed Round - BayaniPay,https://www.crunchbase.com/funding_round/bayanipay-seed--60ea0b55,"El Segundo, California, United States, North America",BayaniPay,https://www.crunchbase.com/organization/bayanipay,Seed,4500000,USD,4500000,2022-11-23,Yes,$1M to $10M,https://www.bayanipay.com,,1,5
Seed Round - Seeds,https://www.crunchbase.com/funding_round/seeds-9181-seed--afa5829f,"New York, New York, United States, North America",Seeds,https://www.crunchbase.com/organization/seeds-9181,Seed,2700000,USD,2700000,2022-11-17,Yes,$1M to $10M,https://www.useseeds.com,,2,7
Seed Round - Marble,https://www.crunchbase.com/funding_round/marble-1db6-seed--d117b93e,"New York, New York, United States, North America",Marble,https://www.crunchbase.com/organization/marble-1db6,Seed,4226499,USD,4226499,2022-11-15,Yes,$1M to $10M,https://www.marblepay.com,,2,7
Seed Round - Cherry,https://www.crunchbase.com/funding_round/shtar-seed--ea24659a,"Brooklyn, New York, United States, North America",Cherry,https://www.crunchbase.com/organization/shtar,Seed,4000000,USD,4000000,2022-11-08,Yes,$1M to $10M,https://cherrynet.com,,2,1
Seed Round - Fordefi,https://www.crunchbase.com/funding_round/fordefi-seed--bf3b3277,"New York, New York, United States, North America",Fordefi,https://www.crunchbase.com/organization/fordefi,Seed,18000000,USD,18000000,2022-11-08,Yes,$10M to $50M,https://fordefi.com,Middle Eastern / North African Led,5,11
Seed Round - GakuGen,https://www.crunchbase.com/funding_round/sanctuary-b371-seed--be693df3,"Los Altos, California, United States, North America",GakuGen,https://www.crunchbase.com/organization/sanctuary-b371,Seed,10000000,USD,10000000,2022-11-04,Yes,,https://sanctuaryai.org,,,
Seed Round - Courtyard,https://www.crunchbase.com/funding_round/courtyard-seed--55c54fd8,"San Francisco, California, United States, North America",Courtyard,https://www.crunchbase.com/organization/courtyard,Seed,7000000,USD,7000000,2022-11-02,Yes,$10M to $50M,https://courtyard.io,,3,7
Seed Round - Nu Banx,https://www.crunchbase.com/funding_round/nu-banx-llc-seed--3973fa38,"Miami, Florida, United States, North America",Nu Banx,https://www.crunchbase.com/organization/nu-banx-llc,Seed,550000,USD,550000,2022-11-02,Yes,,,Hispanic / Latine Founded,,2
Seed Round - Sedra Solutions Inc.,https://www.crunchbase.com/funding_round/sedra-solutions-inc-seed--d6f6542e,"New York, New York, United States, North America",Sedra Solutions Inc.,https://www.crunchbase.com/organization/sedra-solutions-inc,Seed,2360000,USD,2360000,2022-11-01,Yes,,https://www.sedrasolutions.com,,,
Seed Round - Kanmon,https://www.crunchbase.com/funding_round/kanmon-seed--936ca55c,"San Mateo, California, United States, North America",Kanmon,https://www.crunchbase.com/organization/kanmon,Seed,5000000,USD,5000000,2022-11-01,Yes,$1M to $10M,https://kanmon.com/,,1,4
Seed Round - Alpha AI,https://www.crunchbase.com/funding_round/alpha-group-ai-seed--1c16ebbd,"New York, New York, United States, North America",Alpha AI,https://www.crunchbase.com/organization/alpha-group-ai,Seed,1000000,USD,1000000,2022-11-01,Yes,$1M to $10M,https://www.alphagroup.ai/,,,
Seed Round - Konzortia Capital Inc,https://www.crunchbase.com/funding_round/konzortia-capital-inc-seed--e7e9a0f2,"New York, New York, United States, North America",Konzortia Capital Inc,https://www.crunchbase.com/organization/konzortia-capital-inc,Seed,200000,USD,200000,2022-11-01,Yes,$1M to $10M,https://konzortia.capital,,,
Seed Round - Icon,https://www.crunchbase.com/funding_round/icon-savings-plan-seed--3b071e41,"San Francisco, California, United States, North America",Icon,https://www.crunchbase.com/organization/icon-savings-plan,Seed,6000000,USD,6000000,2022-10-30,Yes,$1M to $10M,https://www.iconsavingsplan.com,,,
Seed Round - Lama AI,https://www.crunchbase.com/funding_round/lama-ai-seed--0349ef7d,"New York, New York, United States, North America",Lama AI,https://www.crunchbase.com/organization/lama-ai,Seed,9000000,USD,9000000,2022-10-27,Yes,$1M to $10M,https://www.lama.ai,,4,7
Seed Round - Zevvy,https://www.crunchbase.com/funding_round/flux-ev-seed--3a74500c,"Hayward, California, United States, North America",Zevvy,https://www.crunchbase.com/organization/flux-ev,Seed,5400000,USD,5400000,2022-10-26,Yes,$1M to $10M,https://www.zevvy.org,,2,9
Seed Round - Marco,https://www.crunchbase.com/funding_round/marco-capital-seed--12337499,"Miami, Florida, United States, North America",Marco,https://www.crunchbase.com/organization/marco-capital,Seed,10000000,USD,10000000,2022-10-25,Yes,,http://www.marcofi.com,Hispanic / Latine Founded,1,6
Seed Round - Pasito,https://www.crunchbase.com/funding_round/pasito-seed--92332ea0,"New York, New York, United States, North America",Pasito,https://www.crunchbase.com/organization/pasito,Seed,3250000,USD,3250000,2022-10-24,Yes,$1M to $10M,https://joinpasito.com,"Hispanic / Latine Founded, Hispanic / Latine Led, Women Founded",,5
Seed Round - Union Credit,https://www.crunchbase.com/funding_round/union-credit-1444-seed--a8eca13f,"Santa Rosa, California, United States, North America",Union Credit,https://www.crunchbase.com/organization/union-credit-1444,Seed,5000000,USD,5000000,2022-10-24,Yes,,https://unioncredit.app/,,,2
Seed Round - LexShares,https://www.crunchbase.com/funding_round/lexshares-seed--d5d91d35,"New York, New York, United States, North America",LexShares,https://www.crunchbase.com/organization/lexshares,Seed,330000,USD,330000,2022-10-21,Yes,Less than $1M,http://www.lexshares.com,,,1
Seed Round - Mintify,https://www.crunchbase.com/funding_round/mintify-seed--aae62e9d,"New York, New York, United States, North America",Mintify,https://www.crunchbase.com/organization/mintify,Seed,1600000,USD,1600000,2022-10-20,Yes,,https://mintify.com,,,5
Seed Round - Crowded,https://www.crunchbase.com/funding_round/crowded-b5d2-seed--64701db7,"Miami, Florida, United States, North America",Crowded,https://www.crunchbase.com/organization/crowded-b5d2,Seed,4500000,USD,4500000,2022-10-18,Yes,$10M to $50M,http://crowdedfinance.com,,3,5
Seed Round - Pine Street Labs,https://www.crunchbase.com/funding_round/pine-street-labs-seed--4507129c,"San Francisco, California, United States, North America",Pine Street Labs,https://www.crunchbase.com/organization/pine-street-labs,Seed,6000000,USD,6000000,2022-10-14,Yes,,https://www.pinestreetlabs.com,,,8
Seed Round - Tellus,https://www.crunchbase.com/funding_round/tellus-d699-seed--e5ae38b9,"Cupertino, California, United States, North America",Tellus,https://www.crunchbase.com/organization/tellus-d699,Seed,26000000,USD,26000000,2022-10-12,Yes,,https://www.tellusapp.com,,1,9
Seed Round - OatFi,https://www.crunchbase.com/funding_round/oatfi-seed--dd418b7e,"New York, New York, United States, North America",OatFi,https://www.crunchbase.com/organization/oatfi,Seed,8000000,USD,8000000,2022-10-11,Yes,,http://www.oatfinancial.com,,3,9
Seed Round - Moleculus,https://www.crunchbase.com/funding_round/moleculus-edge-seed--7e26c8ce,"Miami, Florida, United States, North America",Moleculus,https://www.crunchbase.com/organization/moleculus-edge,Seed,1000,USD,1000,2022-10-11,Yes,,https://moleculus.network/,,,
Seed Round - Flourish Fi,https://www.crunchbase.com/funding_round/flourish-savings-seed--6fe21b82,"Berkeley, California, United States, North America",Flourish Fi,https://www.crunchbase.com/organization/flourish-savings,Seed,100000,USD,100000,2022-10-08,Yes,$1M to $10M,https://www.flourishfi.com/,"Hispanic / Latine Founded, Hispanic / Latine Led, Women Founded",1,1
Seed Round - Lore,https://www.crunchbase.com/funding_round/prysm-924e-seed--1ab8e1e6,"San Francisco, California, United States, North America",Lore,https://www.crunchbase.com/organization/prysm-924e,Seed,4000000,USD,4000000,2022-10-07,Yes,,http://lore.xyz/,,5,11
Seed Round - LendTech Inc,https://www.crunchbase.com/funding_round/lendtech-inc-seed--4fac68ad,"Los Angeles, California, United States, North America",LendTech Inc,https://www.crunchbase.com/organization/lendtech-inc,Seed,250000,USD,250000,2022-10-07,Yes,,http://www.lendtech.co,,,1
Seed Round - Fintor,https://www.crunchbase.com/funding_round/fintor-seed--60e157ce,"Palo Alto, California, United States, North America",Fintor,https://www.crunchbase.com/organization/fintor,Seed,6200000,USD,6200000,2022-10-06,Yes,$1M to $10M,https://fintor.com,,1,11
Seed Round - Aspora,https://www.crunchbase.com/funding_round/aspora-seed--37de1e93,"San Francisco, California, United States, North America",Aspora,https://www.crunchbase.com/organization/aspora,Seed,5800000,USD,5800000,2022-10-03,Yes,,https://www.aspora.com/e,,3,7
Seed Round - 2EX Technology,https://www.crunchbase.com/funding_round/2ex-technology-seed--4a3252b8,"San Francisco, California, United States, North America",2EX Technology,https://www.crunchbase.com/organization/2ex-technology,Seed,2000000,USD,2000000,2022-10-01,Yes,,https://2ex.technology,,,
Seed Round - LiveFlow,https://www.crunchbase.com/funding_round/liveflow-seed--5bd89a27,"New York, New York, United States, North America",LiveFlow,https://www.crunchbase.com/organization/liveflow,Seed,3800000,USD,3800000,2022-10-01,Yes,$1M to $10M,https://www.liveflow.com,Women Founded,,3
Seed Round - MSafe,https://www.crunchbase.com/funding_round/msafe-seed--fea3539e,"San Francisco, California, United States, North America",MSafe,https://www.crunchbase.com/organization/msafe,Seed,1250000,USD,1250000,2022-10-01,Yes,,https://m-safe.io,Women Founded,,1
Seed Round - Monnai,https://www.crunchbase.com/funding_round/monnai-seed--d6f8ade5,"San Francisco, California, United States, North America",Monnai,https://www.crunchbase.com/organization/monnai,Seed,3150000,USD,3150000,2022-09-29,Yes,$1M to $10M,https://www.monnai.com,,2,6
Seed Round - SensePass,https://www.crunchbase.com/funding_round/sensepass-seed--1953edb6,"New York, New York, United States, North America",SensePass,https://www.crunchbase.com/organization/sensepass,Seed,3000000,USD,3000000,2022-09-28,Yes,$1M to $10M,http://sensepass.com,,,3
Seed Round - Paperstack,https://www.crunchbase.com/funding_round/paperstack-seed--f1a7b8f9,"New York, New York, United States, North America",Paperstack,https://www.crunchbase.com/organization/paperstack,Seed,10000,USD,10000,2022-09-27,Yes,,https://paperstack.us,"Women Founded, Women Led",,1
Seed Round - Sintra,https://www.crunchbase.com/funding_round/sintra-375a-seed--793ff03a,"New York, New York, United States, North America",Sintra,https://www.crunchbase.com/organization/sintra-375a,Seed,2000000,USD,2000000,2022-09-21,Yes,$1M to $10M,https://sintra.com,,2,9
Seed Round - Magna,https://www.crunchbase.com/funding_round/magna-7a00-seed--70a23a89,"San Francisco, California, United States, North America",Magna,https://www.crunchbase.com/organization/magna-7a00,Seed,15200000,USD,15200000,2022-09-15,Yes,,https://magna.so,,5,30
Seed Round - Power,https://www.crunchbase.com/funding_round/power-finance-e858-seed--b0964238,"New York, New York, United States, North America",Power,https://www.crunchbase.com/organization/power-finance-e858,Seed,16100000,USD,16100000,2022-09-14,Yes,,https://usepower.com,,1,11
Seed Round - Synquote,https://www.crunchbase.com/funding_round/synquote-seed--aa2ec2c2,"San Francisco, California, United States, North America",Synquote,https://www.crunchbase.com/organization/synquote,Seed,2800000,USD,2800000,2022-09-13,Yes,,https://www.synquote.com,,,5
Seed Round - Coverself,https://www.crunchbase.com/funding_round/coverself-seed--9c4c1de1,"San Francisco, California, United States, North America",Coverself,https://www.crunchbase.com/organization/coverself,Seed,4800000,USD,4800000,2022-09-13,Yes,$1M to $10M,https://www.coverself.com,,2,3
Seed Round - StoreCash,https://www.crunchbase.com/funding_round/storecash-seed--83f27558,"San Jose, California, United States, North America",StoreCash,https://www.crunchbase.com/organization/storecash,Seed,2580000,USD,2580000,2022-09-05,Yes,Less than $1M,https://www.storecashapp.com/,"Black Founded, Black Led, South Asian Founded, South Asian Led, Women Founded",1,7
Seed Round - Vector ML Analytics,https://www.crunchbase.com/funding_round/vector-ml-analytics-seed--46542e2e,"New York, New York, United States, North America",Vector ML Analytics,https://www.crunchbase.com/organization/vector-ml-analytics,Seed,3000000,USD,3000000,2022-09-01,Yes,Less than $1M,https://www.vmlanalytics.com/,"East Asian Founded, South Asian Founded, Women Founded",,1
Seed Round - Willow Servicing,https://www.crunchbase.com/funding_round/willow-servicing-seed--9bdf4c8b,"San Francisco, California, United States, North America",Willow Servicing,https://www.crunchbase.com/organization/willow-servicing,Seed,6000000,USD,6000000,2022-09-01,Yes,$1M to $10M,https://www.willowservicing.com/,Women Founded,,5
Seed Round - jiritsu.network,https://www.crunchbase.com/funding_round/jiritsu-network-seed--4d753245,"Santa Monica, California, United States, North America",jiritsu.network,https://www.crunchbase.com/organization/jiritsu-network,Seed,300000,USD,300000,2022-09-01,Yes,,http://jiritsu.network/,,,6
Seed Round - CHER®,https://www.crunchbase.com/funding_round/cher-seed--3727d2ca,"Santa Monica, California, United States, North America",CHER®,https://www.crunchbase.com/organization/cher,Seed,640000,USD,640000,2022-09-01,Yes,$1M to $10M,https://cherahome.com/,,,2
Seed Round - Mural,https://www.crunchbase.com/funding_round/mural-2ee9-seed--a5ab2f3b,"New York, New York, United States, North America",Mural,https://www.crunchbase.com/organization/mural-2ee9,Seed,5600000,USD,5600000,2022-08-23,Yes,,https://www.muralpay.com,,1,18
Seed Round - Rocketplace,https://www.crunchbase.com/funding_round/rocketplace-seed--970cc737,"Palo Alto, California, United States, North America",Rocketplace,https://www.crunchbase.com/organization/rocketplace,Seed,9000000,USD,9000000,2022-08-18,Yes,$1M to $10M,https://rocketplace.com,,2,6
Seed Round - TAZI,https://www.crunchbase.com/funding_round/tazi-io-seed--53337c9a,"San Francisco, California, United States, North America",TAZI,https://www.crunchbase.com/organization/tazi-io,Seed,4600000,USD,4600000,2022-08-18,Yes,$1M to $10M,https://tazi.ai,"Women Founded, Women Led",2,4
Seed Round - BlueTape,https://www.crunchbase.com/funding_round/linqpal-seed--99a4dc6a,"San Francisco, California, United States, North America",BlueTape,https://www.crunchbase.com/organization/linqpal,Seed,5000000,USD,5000000,2022-08-18,Yes,,https://bluetape.com,,1,2
Seed Round - Pomelo,https://www.crunchbase.com/funding_round/pomelo-e0d1-seed--ef646be2,"San Francisco, California, United States, North America",Pomelo,https://www.crunchbase.com/organization/pomelo-e0d1,Seed,20000000,USD,20000000,2022-08-16,Yes,,https://www.pomelo.com/,,,7
Seed Round - Prive (Acquired by Recurly),https://www.crunchbase.com/funding_round/prive-aa0e-seed--14d611c2,"San Francisco, California, United States, North America",Prive (Acquired by Recurly),https://www.crunchbase.com/organization/prive-aa0e,Seed,3100000,USD,3100000,2022-08-15,Yes,,https://www.tryprive.com/,,2,1
Seed Round - Taekus,https://www.crunchbase.com/funding_round/taekus-seed--dcdbc910,"San Francisco, California, United States, North America",Taekus,https://www.crunchbase.com/organization/taekus,Seed,6425985,USD,6425985,2022-08-12,Yes,$1M to $10M,http://www.taekus.com,,,
Seed Round - Ansible Labs,https://www.crunchbase.com/funding_round/ansible-labs-seed--2ac497c4,"San Francisco, California, United States, North America",Ansible Labs,https://www.crunchbase.com/organization/ansible-labs,Seed,7000000,USD,7000000,2022-08-10,Yes,,https://www.ansiblelabs.xyz,,1,7
Seed Round - Payverse,https://www.crunchbase.com/funding_round/payverse-seed--3075fbdc,"Los Angeles, California, United States, North America",Payverse,https://www.crunchbase.com/organization/payverse,Seed,2525000,USD,2525000,2022-08-10,Yes,Less than $1M,https://www.payverse.com/,"Women Founded, Women Led",,
Seed Round - CreatorDAO,https://www.crunchbase.com/funding_round/creatordao-seed--72d63998,"Los Angeles, California, United States, North America",CreatorDAO,https://www.crunchbase.com/organization/creatordao,Seed,20000000,USD,20000000,2022-08-09,Yes,$1M to $10M,https://creatordao.com,,2,30
Seed Round - Indie Tech,https://www.crunchbase.com/funding_round/indie-group-fe4a-seed--29986377,"New York, New York, United States, North America",Indie Tech,https://www.crunchbase.com/organization/indie-group-fe4a,Seed,600000,USD,600000,2022-08-08,Yes,Less than $1M,https://www.indietech.ai,"Hispanic / Latine Founded, Hispanic / Latine Led, LGBTQ+ Founded, LGBTQ+ Led, Women Founded, Women Led",,
Seed Round - Mercantile,https://www.crunchbase.com/funding_round/mercantile-seed--fa42031c,"New York, New York, United States, North America",Mercantile,https://www.crunchbase.com/organization/mercantile,Seed,7000000,USD,7000000,2022-08-05,Yes,,https://www.getmercantile.com,,,
Seed Round - Halliday,https://www.crunchbase.com/funding_round/halliday-seed--4bbd0912,"San Francisco, California, United States, North America",Halliday,https://www.crunchbase.com/organization/halliday,Seed,6000000,USD,6000000,2022-08-04,Yes,$1M to $10M,https://www.halliday.xyz/,,,5
Seed Round - Tephra Labs,https://www.crunchbase.com/funding_round/tephra-labs-seed--90160b97,"New York, New York, United States, North America",Tephra Labs,https://www.crunchbase.com/organization/tephra-labs,Seed,5000000,USD,5000000,2022-08-01,Yes,$1M to $10M,https://www.tephra.com/,Women Founded,,7
Seed Round - Data Mynt,https://www.crunchbase.com/funding_round/data-mynt-seed--31e19f1c,"Oakland, California, United States, North America",Data Mynt,https://www.crunchbase.com/organization/data-mynt,Seed,2500000,USD,2500000,2022-08-01,Yes,$1M to $10M,https://datamynt.com,South Asian Led,,13
Seed Round - Ascend Homes,https://www.crunchbase.com/funding_round/ascend-homes-seed--27e91c20,"New York, New York, United States, North America",Ascend Homes,https://www.crunchbase.com/organization/ascend-homes,Seed,2700000,USD,2700000,2022-08-01,Yes,,https://www.ascendhome.co,,,6
Seed Round - Kinetic,https://www.crunchbase.com/funding_round/kinetic-a9db-seed--22890a5b,"San Francisco, California, United States, North America",Kinetic,https://www.crunchbase.com/organization/kinetic-a9db,Seed,10000000,USD,10000000,2022-08-01,Yes,,https://kinetic.xyz,,,9
Seed Round - vipHomeLink,https://www.crunchbase.com/funding_round/viphomelink-seed--2dbe161e,"Morristown, New Jersey, United States, North America",vipHomeLink,https://www.crunchbase.com/organization/viphomelink,Seed,2650000,USD,2650000,2022-07-30,Yes,Less than $1M,https://www.vipHomeLink.com,,,
Seed Round - Kompliant,https://www.crunchbase.com/funding_round/kompliant-seed--3f631522,"San Jose, California, United States, North America",Kompliant,https://www.crunchbase.com/organization/kompliant,Seed,14000000,USD,14000000,2022-07-29,Yes,$1M to $10M,https://kompliant.com,,2,7
Seed Round - Revolv3,https://www.crunchbase.com/funding_round/revolv3-seed--adfa855d,"Laguna Beach, California, United States, North America",Revolv3,https://www.crunchbase.com/organization/revolv3,Seed,4500000,USD,4500000,2022-07-28,Yes,$1M to $10M,http://www.revolv3.com,,1,1
Seed Round - Troop,https://www.crunchbase.com/funding_round/troopnow-seed--ff8145f7,"New York, New York, United States, North America",Troop,https://www.crunchbase.com/organization/troopnow,Seed,4300000,USD,4300000,2022-07-28,Yes,,https://www.troop.com,,,5
Seed Round - Infima,https://www.crunchbase.com/funding_round/infima-seed--3a3d947c,"San Mateo, California, United States, North America",Infima,https://www.crunchbase.com/organization/infima,Seed,5000000,USD,5000000,2022-07-26,Yes,$1M to $10M,https://www.infima.io,,,3
Seed Round - Guava,https://www.crunchbase.com/funding_round/guava-d2a7-seed--a126e203,"New York, New York, United States, North America",Guava,https://www.crunchbase.com/organization/guava-d2a7,Seed,2400000,USD,2400000,2022-07-26,Yes,Less than $1M,https://www.joinguava.com,"Black Founded, Black Led, Women Founded, Women Led",1,7
Seed Round - Functional Finance,https://www.crunchbase.com/funding_round/functional-finance-6b5d-seed--a41a6cac,"San Francisco, California, United States, North America",Functional Finance,https://www.crunchbase.com/organization/functional-finance-6b5d,Seed,4000000,USD,4000000,2022-07-26,Yes,$1M to $10M,https://www.functionalfi.com,Women Founded,,
Seed Round - KryptoGO,https://www.crunchbase.com/funding_round/kryptogo-seed--0e60f00a,"San Mateo, California, United States, North America",KryptoGO,https://www.crunchbase.com/organization/kryptogo,Seed,3000000,USD,3000000,2022-07-25,Yes,$1M to $10M,https://kryptogo.com/,,1,6
Seed Round - Sunscreen,https://www.crunchbase.com/funding_round/sunscreen-seed--c8268f64,"San Francisco, California, United States, North America",Sunscreen,https://www.crunchbase.com/organization/sunscreen,Seed,4650000,USD,4650000,2022-07-18,Yes,,https://sunscreen.tech,"Women Founded, Women Led",,7
Seed Round - GakuGen,https://www.crunchbase.com/funding_round/sanctuary-b371-seed--55d8e0c6,"Los Altos, California, United States, North America",GakuGen,https://www.crunchbase.com/organization/sanctuary-b371,Seed,2000000,USD,2000000,2022-07-15,Yes,,https://sanctuaryai.org,,,
Seed Round - Sable,https://www.crunchbase.com/funding_round/sable-seed--c030dc91,"New York, New York, United States, North America",Sable,https://www.crunchbase.com/organization/sable,Seed,3000000,USD,3000000,2022-07-14,Yes,$1M to $10M,http://sablecard.com,"South Asian Founded, Women Founded",1,3
Seed Round - Here,https://www.crunchbase.com/funding_round/here-vacations-seed--931ab4f2,"Miami, Florida, United States, North America",Here,https://www.crunchbase.com/organization/here-vacations,Seed,3500000,USD,3500000,2022-07-13,Yes,$1M to $10M,https://here.co,,1,10
Seed Round - The Beans,https://www.crunchbase.com/funding_round/the-beans-seed--d7fcaf07,"San Francisco, California, United States, North America",The Beans,https://www.crunchbase.com/organization/the-beans,Seed,250000,USD,250000,2022-07-08,Yes,$1M to $10M,https://www.thebeans.io/,"Women Founded, Women Led",,1
Seed Round - Payverse,https://www.crunchbase.com/funding_round/payverse-seed--9423da8e,"Los Angeles, California, United States, North America",Payverse,https://www.crunchbase.com/organization/payverse,Seed,3000000,USD,3000000,2022-07-06,Yes,Less than $1M,https://www.payverse.com/,"Women Founded, Women Led",,5
Seed Round - Finalis,https://www.crunchbase.com/funding_round/finalis-seed--13129b9c,"New York, New York, United States, North America",Finalis,https://www.crunchbase.com/organization/finalis,Seed,10700000,USD,10700000,2022-07-01,Yes,$1M to $10M,https://www.finalis.com/,"Hispanic / Latine Founded, Hispanic / Latine Led",3,7
Seed Round - Duetti,https://www.crunchbase.com/funding_round/duetti-seed--5be0f42f,"New York, New York, United States, North America",Duetti,https://www.crunchbase.com/organization/duetti,Seed,7000000,USD,7000000,2022-07-01,Yes,$1M to $10M,https://duetti.co,,1,1
Seed Round - AngeLink,https://www.crunchbase.com/funding_round/angelink-inc-seed--7ebb2f0c,"Miami, Florida, United States, North America",AngeLink,https://www.crunchbase.com/organization/angelink-inc,Seed,7300000,USD,7300000,2022-06-30,Yes,Less than $1M,http://www.angelink.com,"Women Founded, Women Led",,3
Seed Round - Tenet,https://www.crunchbase.com/funding_round/tenet-e63b-seed--bf8dd588,"New York, New York, United States, North America",Tenet,https://www.crunchbase.com/organization/tenet-e63b,Seed,18000000,USD,18000000,2022-06-28,Yes,$10M to $50M,https://tenet.com/,,2,8
Seed Round - Canopy,https://www.crunchbase.com/funding_round/canopy-997a-seed--bab0264f,"San Francisco, California, United States, North America",Canopy,https://www.crunchbase.com/organization/canopy-997a,Seed,75000,USD,75000,2022-06-27,Yes,,https://www.heycanopy.com/,,,1
Seed Round - Moonwalk,https://www.crunchbase.com/funding_round/moonwalk-5796-seed--5fa09bd9,"Miami, Florida, United States, North America",Moonwalk,https://www.crunchbase.com/organization/moonwalk-5796,Seed,2500000,USD,2500000,2022-06-26,Yes,$1M to $10M,https://www.moonwalk.com,,,2